{
  "type": "FeatureCollection",
  "generator": "overpass-turbo",
  "copyright": "The data included in this document is from www.openstreetmap.org. The data is made available under ODbL.",
  "timestamp": "2026-08-08T03:42:02Z",
  "features": [
    {
      "type": "Feature",
      "properties": {
        "@id": "way/54223459",
        "amenity": "parking",
        "building": "yes",
        "building:levels": "4",
        "name": "Parking Garage",
        "parking": "multi-storey"
      },
      "geometry": {
        "type": "Polygon",
        "coordinates": [
          [
            [
              -73.6818293,
              42.7279916
            ],
            [
              -73.6820207,
              42.7280286
            ],
            [
              -73.6820561,
              42.7279299
            ],
            [
              -73.6820816,
              42.7278586
            ],
            [
              -73.6821283,
              42.7278677
            ],
            [
              -73.6821355,
              42.7278476
            ],
            [
              -73.6821802,
              42.7278562
            ],
            [
              -73.6821995,
              42.7278024
            ],
            [
              -73.6820476,
              42.727773
            ],
            [
              -73.6820749,
              42.727697
            ],
            [
              -73.6811559,
              42.7275191
            ],
            [
              -73.6811034,
              42.7276655
            ],
            [
              -73.6810227,
              42.7276499
            ],
            [
              -73.6809962,
              42.7277237
            ],
            [
              -73.6809767,
              42.7277781
            ],
            [
              -73.6809194,
              42.7277671
            ],
            [
              -73.6808996,
              42.7278223
            ],
            [
              -73.6810522,
              42.7278519
            ],
            [
              -73.6810558,
              42.727842
            ],
            [
              -73.6813016,
              42.7278895
            ],
            [
              -73.6818293,
              42.7279916
            ]
          ]
        ]
      },
      "id": "way/54223459"
    },
    {
      "type": "Feature",
      "properties": {
        "@id": "way/90750564",
        "building": "yes"
      },
      "geometry": {
        "type": "Polygon",
        "coordinates": [
          [
            [
              -73.6827674,
              42.7271049
            ],
            [
              -73.6824989,
              42.7270118
            ],
            [
              -73.6823886,
              42.7271834
            ],
            [
              -73.6824718,
              42.7272123
            ],
            [
              -73.6825163,
              42.7271432
            ],
            [
              -73.6826513,
              42.72719
            ],
            [
              -73.682634,
              42.727217
            ],
            [
              -73.6826841,
              42.7272344
            ],
            [
              -73.6827674,
              42.7271049
            ]
          ]
        ]
      },
      "id": "way/90750564"
    },
    {
      "type": "Feature",
      "properties": {
        "@id": "way/104737164",
        "addr:city": "Troy",
        "addr:housenumber": "1115",
        "addr:postcode": "12180",
        "addr:state": "NY",
        "addr:street": "Sage Avenue",
        "building": "university",
        "building:levels": "4",
        "name": "Walker Laboratory",
        "nysgissam:nysaddresspointid": "RENS028079"
      },
      "geometry": {
        "type": "Polygon",
        "coordinates": [
          [
            [
              -73.6828282,
              42.7307038
            ],
            [
              -73.6827277,
              42.7306746
            ],
            [
              -73.6826492,
              42.7306518
            ],
            [
              -73.6826023,
              42.7307388
            ],
            [
              -73.6824643,
              42.7306987
            ],
            [
              -73.6823903,
              42.7308359
            ],
            [
              -73.6823097,
              42.7308125
            ],
            [
              -73.6822893,
              42.7308502
            ],
            [
              -73.6822623,
              42.7309003
            ],
            [
              -73.6823497,
              42.7309257
            ],
            [
              -73.6823047,
              42.7310095
            ],
            [
              -73.6823407,
              42.7310199
            ],
            [
              -73.6824582,
              42.7310541
            ],
            [
              -73.6825059,
              42.7309656
            ],
            [
              -73.6826059,
              42.7309947
            ],
            [
              -73.6826467,
              42.7309189
            ],
            [
              -73.6827034,
              42.7309354
            ],
            [
              -73.6828282,
              42.7307038
            ]
          ]
        ]
      },
      "id": "way/104737164"
    },
    {
      "type": "Feature",
      "properties": {
        "@id": "way/104737175",
        "addr:city": "Troy",
        "addr:housenumber": "1145",
        "addr:postcode": "12180",
        "addr:state": "NY",
        "addr:street": "Sage Avenue",
        "building": "yes",
        "building:levels": "4",
        "building:levels:underground": "2",
        "leisure": "sports_centre",
        "name": "'87 Gymnasium",
        "nysgissam:nysaddresspointid": "RENS042480"
      },
      "geometry": {
        "type": "Polygon",
        "coordinates": [
          [
            [
              -73.6791798,
              42.7309477
            ],
            [
              -73.6792194,
              42.7307477
            ],
            [
              -73.6790218,
              42.7307266
            ],
            [
              -73.6789552,
              42.7307195
            ],
            [
              -73.6788923,
              42.7307128
            ],
            [
              -73.6789215,
              42.7305651
            ],
            [
              -73.6786042,
              42.7305312
            ],
            [
              -73.6785982,
              42.7305613
            ],
            [
              -73.6785354,
              42.7308788
            ],
            [
              -73.678709,
              42.7308974
            ],
            [
              -73.6789606,
              42.7309243
            ],
            [
              -73.6791798,
              42.7309477
            ]
          ]
        ]
      },
      "id": "way/104737175"
    },
    {
      "type": "Feature",
      "properties": {
        "@id": "way/104737177",
        "addr:city": "Troy",
        "addr:housename": "Russell Sage Labratories",
        "addr:housenumber": "1105",
        "addr:postcode": "12180",
        "addr:state": "NY",
        "addr:street": "Sage Avenue",
        "building": "university",
        "building:levels": "4",
        "name": "Russell Sage Laboratory",
        "nysgissam:nysaddresspointid": "RENS062531"
      },
      "geometry": {
        "type": "Polygon",
        "coordinates": [
          [
            [
              -73.6821001,
              42.7310555
            ],
            [
              -73.6821182,
              42.7309589
            ],
            [
              -73.682143,
              42.730827
            ],
            [
              -73.6816787,
              42.7307679
            ],
            [
              -73.6812337,
              42.7307108
            ],
            [
              -73.681183,
              42.7309716
            ],
            [
              -73.6811801,
              42.7309866
            ],
            [
              -73.681046,
              42.7309728
            ],
            [
              -73.6810191,
              42.7311166
            ],
            [
              -73.6812847,
              42.7311501
            ],
            [
              -73.6813195,
              42.7310043
            ],
            [
              -73.6812766,
              42.7310004
            ],
            [
              -73.681286,
              42.7309615
            ],
            [
              -73.6815361,
              42.7309886
            ],
            [
              -73.6815278,
              42.7310224
            ],
            [
              -73.6817268,
              42.7310457
            ],
            [
              -73.6817353,
              42.7310142
            ],
            [
              -73.6821001,
              42.7310555
            ]
          ]
        ]
      },
      "id": "way/104737177"
    },
    {
      "type": "Feature",
      "properties": {
        "@id": "way/104737179",
        "addr:city": "Troy",
        "addr:housename": "North Hall",
        "addr:housenumber": "1102",
        "addr:postcode": "12180",
        "addr:state": "NY",
        "addr:street": "Sage Avenue",
        "building": "dormitory",
        "building:levels": "4",
        "name": "North Hall",
        "nysgissam:nysaddresspointid": "RENS022570"
      },
      "geometry": {
        "type": "Polygon",
        "coordinates": [
          [
            [
              -73.6800753,
              42.7314537
            ],
            [
              -73.6801078,
              42.7313387
            ],
            [
              -73.6796256,
              42.7312652
            ],
            [
              -73.6795931,
              42.7313802
            ],
            [
              -73.6800753,
              42.7314537
            ]
          ]
        ]
      },
      "id": "way/104737179"
    },
    {
      "type": "Feature",
      "properties": {
        "@id": "way/104737189",
        "addr:city": "Troy",
        "addr:housename": "Amos Eaton Hall",
        "addr:housenumber": "1121",
        "addr:postcode": "12180",
        "addr:state": "NY",
        "addr:street": "Sage Avenue",
        "building": "university",
        "building:levels": "4",
        "building:levels:underground": "1",
        "ele": "70",
        "gnis:feature_id": "2426532",
        "name": "Amos Eaton Hall",
        "nysgissam:nysaddresspointid": "RENS061318",
        "roof:levels": "0",
        "wikidata": "Q4747855",
        "wikipedia": "en:Amos Eaton Hall"
      },
      "geometry": {
        "type": "Polygon",
        "coordinates": [
          [
            [
              -73.6823252,
              42.7300505
            ],
            [
              -73.6822909,
              42.7301741
            ],
            [
              -73.6822735,
              42.7302369
            ],
            [
              -73.6828327,
              42.7303044
            ],
            [
              -73.6828747,
              42.7301582
            ],
            [
              -73.6828829,
              42.7301252
            ],
            [
              -73.6828602,
              42.7301222
            ],
            [
              -73.682737,
              42.7301046
            ],
            [
              -73.6823252,
              42.7300505
            ]
          ]
        ]
      },
      "id": "way/104737189"
    },
    {
      "type": "Feature",
      "properties": {
        "@id": "way/104737190",
        "addr:city": "Troy",
        "addr:housenumber": "1665",
        "addr:postcode": "12180",
        "addr:state": "NY",
        "addr:street": "15th Street",
        "building": "dormitory",
        "building:levels": "3",
        "name": "Quadrangle Complex",
        "nysgissam:nysaddresspointid": "RENS018510",
        "short_name": "The Quad"
      },
      "geometry": {
        "type": "Polygon",
        "coordinates": [
          [
            [
              -73.6784099,
              42.7304999
            ],
            [
              -73.6782596,
              42.7304575
            ],
            [
              -73.6782027,
              42.7305644
            ],
            [
              -73.6782181,
              42.7305698
            ],
            [
              -73.6781544,
              42.7306772
            ],
            [
              -73.6775904,
              42.730587
            ],
            [
              -73.6775924,
              42.7305782
            ],
            [
              -73.6775569,
              42.7305737
            ],
            [
              -73.6776649,
              42.7301905
            ],
            [
              -73.6776769,
              42.7301935
            ],
            [
              -73.6776977,
              42.7301275
            ],
            [
              -73.6777111,
              42.7300753
            ],
            [
              -73.6777004,
              42.7300738
            ],
            [
              -73.677807,
              42.7296886
            ],
            [
              -73.6778171,
              42.7296906
            ],
            [
              -73.6778466,
              42.7295832
            ],
            [
              -73.6776971,
              42.7295596
            ],
            [
              -73.6776676,
              42.7296694
            ],
            [
              -73.6776803,
              42.7296719
            ],
            [
              -73.677569,
              42.7300536
            ],
            [
              -73.6775576,
              42.7300516
            ],
            [
              -73.6775415,
              42.7301004
            ],
            [
              -73.6775234,
              42.7301684
            ],
            [
              -73.6775368,
              42.7301703
            ],
            [
              -73.6774295,
              42.730554
            ],
            [
              -73.6774154,
              42.7305521
            ],
            [
              -73.6773832,
              42.7306644
            ],
            [
              -73.6775629,
              42.7306915
            ],
            [
              -73.6775656,
              42.7306811
            ],
            [
              -73.6782308,
              42.7307915
            ],
            [
              -73.6783307,
              42.7306082
            ],
            [
              -73.6783435,
              42.7306122
            ],
            [
              -73.6784099,
              42.7304999
            ]
          ]
        ]
      },
      "id": "way/104737190"
    },
    {
      "type": "Feature",
      "properties": {
        "@id": "way/104737191",
        "addr:housename": "Pittsburgh Building",
        "addr:street": "8th Street",
        "building": "university",
        "building:levels": "5",
        "name": "Pittsburgh Building",
        "roof:levels": "0"
      },
      "geometry": {
        "type": "Polygon",
        "coordinates": [
          [
            [
              -73.6834948,
              42.7312723
            ],
            [
              -73.6835458,
              42.731093
            ],
            [
              -73.6834224,
              42.7310772
            ],
            [
              -73.6834304,
              42.7310575
            ],
            [
              -73.6833374,
              42.7310446
            ],
            [
              -73.6832675,
              42.7310349
            ],
            [
              -73.6832641,
              42.7310555
            ],
            [
              -73.6831408,
              42.7310339
            ],
            [
              -73.6830952,
              42.731221
            ],
            [
              -73.6831666,
              42.7312312
            ],
            [
              -73.6831595,
              42.7312683
            ],
            [
              -73.6832641,
              42.7312959
            ],
            [
              -73.6834063,
              42.7313018
            ],
            [
              -73.6834158,
              42.7312631
            ],
            [
              -73.6834948,
              42.7312723
            ]
          ]
        ]
      },
      "id": "way/104737191"
    },
    {
      "type": "Feature",
      "properties": {
        "@id": "way/104737195",
        "addr:city": "Troy",
        "addr:housenumber": "37",
        "addr:postcode": "12180",
        "addr:state": "NY",
        "addr:street": "College Avenue",
        "building": "university",
        "building:levels": "3",
        "name": "Materials Research Center",
        "nysgissam:nysaddresspointid": "RENS009227"
      },
      "geometry": {
        "type": "Polygon",
        "coordinates": [
          [
            [
              -73.6829606,
              42.7286507
            ],
            [
              -73.6830524,
              42.7283878
            ],
            [
              -73.6826311,
              42.7283084
            ],
            [
              -73.6825394,
              42.7285713
            ],
            [
              -73.6827241,
              42.7286061
            ],
            [
              -73.6829606,
              42.7286507
            ]
          ]
        ]
      },
      "id": "way/104737195"
    },
    {
      "type": "Feature",
      "properties": {
        "@id": "way/104737202",
        "addr:city": "Troy",
        "addr:housename": "Greene Building",
        "addr:housenumber": "1129",
        "addr:postcode": "12180",
        "addr:state": "NY",
        "addr:street": "Sage Avenue",
        "building": "university",
        "building:levels": "4",
        "building:levels:underground": "1",
        "name": "Greene Building",
        "nysgissam:nysaddresspointid": "RENS049912",
        "wikidata": "Q5603840",
        "wikipedia": "en:Greene Building, Rensselaer Polytechnic Institute"
      },
      "geometry": {
        "type": "Polygon",
        "coordinates": [
          [
            [
              -73.6814485,
              42.7301379
            ],
            [
              -73.6814682,
              42.7300507
            ],
            [
              -73.6814837,
              42.7299599
            ],
            [
              -73.6809058,
              42.7298899
            ],
            [
              -73.680885,
              42.7299915
            ],
            [
              -73.6808683,
              42.7300728
            ],
            [
              -73.6811853,
              42.7301084
            ],
            [
              -73.6814485,
              42.7301379
            ]
          ]
        ]
      },
      "id": "way/104737202"
    },
    {
      "type": "Feature",
      "properties": {
        "@id": "way/104737204",
        "addr:city": "Troy",
        "addr:housename": "Troy Building",
        "addr:housenumber": "1101",
        "addr:postcode": "12180",
        "addr:state": "NY",
        "addr:street": "Sage Avenue",
        "building": "university",
        "building:levels": "4",
        "name": "Troy Building",
        "nysgissam:nysaddresspointid": "RENS013561"
      },
      "geometry": {
        "type": "Polygon",
        "coordinates": [
          [
            [
              -73.6807817,
              42.7309696
            ],
            [
              -73.680544,
              42.7309409
            ],
            [
              -73.6802908,
              42.7309126
            ],
            [
              -73.6802566,
              42.7310712
            ],
            [
              -73.68038,
              42.7310856
            ],
            [
              -73.680376,
              42.731104
            ],
            [
              -73.6803705,
              42.7311297
            ],
            [
              -73.680608,
              42.7311573
            ],
            [
              -73.6806188,
              42.7311073
            ],
            [
              -73.6807488,
              42.7311224
            ],
            [
              -73.6807817,
              42.7309696
            ]
          ]
        ]
      },
      "id": "way/104737204"
    },
    {
      "type": "Feature",
      "properties": {
        "@id": "way/104737208",
        "addr:city": "Troy",
        "addr:housenumber": "1653",
        "addr:postcode": "12180",
        "addr:state": "NY",
        "addr:street": "15th Street",
        "building": "yes",
        "building:levels": "2",
        "disused:amenity": "theatre",
        "name": "RPI Playhouse",
        "nysgissam:nysaddresspointid": "RENS035266"
      },
      "geometry": {
        "type": "Polygon",
        "coordinates": [
          [
            [
              -73.6783863,
              42.7293671
            ],
            [
              -73.6784525,
              42.729126
            ],
            [
              -73.6780363,
              42.7290643
            ],
            [
              -73.6779701,
              42.7293054
            ],
            [
              -73.6783863,
              42.7293671
            ]
          ]
        ]
      },
      "id": "way/104737208"
    },
    {
      "type": "Feature",
      "properties": {
        "@id": "way/104737222",
        "addr:city": "Troy",
        "addr:housenumber": "1620",
        "addr:postcode": "12180",
        "addr:state": "NY",
        "addr:street": "15th Street",
        "building": "yes",
        "building:levels": "2",
        "building:levels:underground": "1",
        "leisure": "fitness_centre",
        "name": "Mueller Center",
        "nysgissam:nysaddresspointid": "RENS040187",
        "opening_hours": "Mo-Fr 07:00-20:00, Sa,Su 09:00-17:00",
        "roof:levels": "1"
      },
      "geometry": {
        "type": "Polygon",
        "coordinates": [
          [
            [
              -73.6772553,
              42.728779
            ],
            [
              -73.6765636,
              42.7286766
            ],
            [
              -73.6765537,
              42.7287125
            ],
            [
              -73.6765222,
              42.7287079
            ],
            [
              -73.676494,
              42.7288107
            ],
            [
              -73.6765606,
              42.7288206
            ],
            [
              -73.6765563,
              42.7288363
            ],
            [
              -73.6769958,
              42.7289015
            ],
            [
              -73.6769864,
              42.7289357
            ],
            [
              -73.677053,
              42.7289456
            ],
            [
              -73.6770711,
              42.7288798
            ],
            [
              -73.6771081,
              42.7288852
            ],
            [
              -73.6771058,
              42.7288937
            ],
            [
              -73.6771525,
              42.7289006
            ],
            [
              -73.6772192,
              42.7289105
            ],
            [
              -73.6772553,
              42.728779
            ]
          ]
        ]
      },
      "id": "way/104737222"
    },
    {
      "type": "Feature",
      "properties": {
        "@id": "way/104737234",
        "addr:city": "Troy",
        "addr:housename": "Rensselaer Student Union",
        "addr:housenumber": "1401",
        "addr:postcode": "12180",
        "addr:state": "NY",
        "addr:street": "Sage Avenue",
        "building": "university",
        "building:levels": "3",
        "name": "Rensselaer Student Union",
        "nysgissam:nysaddresspointid": "RENS018079",
        "roof:levels": "0"
      },
      "geometry": {
        "type": "Polygon",
        "coordinates": [
          [
            [
              -73.6766982,
              42.730234
            ],
            [
              -73.6769128,
              42.7302694
            ],
            [
              -73.6769369,
              42.7301985
            ],
            [
              -73.6769459,
              42.7301999
            ],
            [
              -73.6769717,
              42.7302039
            ],
            [
              -73.6770961,
              42.7297798
            ],
            [
              -73.6770566,
              42.7297724
            ],
            [
              -73.6770307,
              42.7297675
            ],
            [
              -73.677055,
              42.7296762
            ],
            [
              -73.6769407,
              42.729659
            ],
            [
              -73.676872,
              42.7296486
            ],
            [
              -73.676876,
              42.7296316
            ],
            [
              -73.6768726,
              42.7296153
            ],
            [
              -73.6768624,
              42.7295953
            ],
            [
              -73.6768505,
              42.729583
            ],
            [
              -73.6768369,
              42.7295736
            ],
            [
              -73.676821,
              42.729566
            ],
            [
              -73.676691,
              42.7295455
            ],
            [
              -73.6766671,
              42.7295449
            ],
            [
              -73.6766391,
              42.7295514
            ],
            [
              -73.6766176,
              42.7295625
            ],
            [
              -73.6765985,
              42.7295777
            ],
            [
              -73.6765849,
              42.7295971
            ],
            [
              -73.6765682,
              42.729675
            ],
            [
              -73.6765096,
              42.7296658
            ],
            [
              -73.67649,
              42.7296627
            ],
            [
              -73.6763243,
              42.7296338
            ],
            [
              -73.6761942,
              42.7301518
            ],
            [
              -73.6766982,
              42.730234
            ]
          ]
        ]
      },
      "id": "way/104737234"
    },
    {
      "type": "Feature",
      "properties": {
        "@id": "way/104737247",
        "addr:city": "Troy",
        "addr:housenumber": "1001",
        "addr:postcode": "12180",
        "addr:state": "NY",
        "addr:street": "Sage Avenue",
        "building": "university",
        "building:levels": "5",
        "name": "West Hall",
        "nysgissam:nysaddresspointid": "RENS023985",
        "wikidata": "Q7985275",
        "wikipedia": "en:West Hall (Rensselaer Polytechnic Institute)"
      },
      "geometry": {
        "type": "Polygon",
        "coordinates": [
          [
            [
              -73.6832802,
              42.7319026
            ],
            [
              -73.6833161,
              42.7317766
            ],
            [
              -73.6834646,
              42.7317994
            ],
            [
              -73.6834818,
              42.7317388
            ],
            [
              -73.6834955,
              42.7316908
            ],
            [
              -73.6833424,
              42.7316673
            ],
            [
              -73.6833789,
              42.7315391
            ],
            [
              -73.6830762,
              42.7314926
            ],
            [
              -73.683056,
              42.7315635
            ],
            [
              -73.6830499,
              42.7315849
            ],
            [
              -73.683013,
              42.7315792
            ],
            [
              -73.6827706,
              42.731542
            ],
            [
              -73.6827275,
              42.7316936
            ],
            [
              -73.6827187,
              42.7317244
            ],
            [
              -73.6828874,
              42.7317503
            ],
            [
              -73.6829431,
              42.7317588
            ],
            [
              -73.6829962,
              42.731767
            ],
            [
              -73.6829711,
              42.7318551
            ],
            [
              -73.6832802,
              42.7319026
            ]
          ]
        ]
      },
      "id": "way/104737247"
    },
    {
      "type": "Feature",
      "properties": {
        "@id": "way/104737275",
        "addr:city": "Troy",
        "addr:housenumber": "49",
        "addr:postcode": "12180",
        "addr:state": "NY",
        "addr:street": "College Avenue",
        "building": "university",
        "building:levels": "6",
        "building:levels:underground": "1",
        "name": "J Erik Jonsson Engineering Center",
        "nysgissam:nysaddresspointid": "RENS042746",
        "roof:levels": "1",
        "wikidata": "Q6275909",
        "wikipedia": "en:Jonsson Engineering Center"
      },
      "geometry": {
        "type": "Polygon",
        "coordinates": [
          [
            [
              -73.6808058,
              42.729886
            ],
            [
              -73.6808082,
              42.7298742
            ],
            [
              -73.6808152,
              42.7298409
            ],
            [
              -73.6808203,
              42.7298163
            ],
            [
              -73.6808209,
              42.7298133
            ],
            [
              -73.6808267,
              42.7297854
            ],
            [
              -73.6807727,
              42.7297797
            ],
            [
              -73.6807389,
              42.7297757
            ],
            [
              -73.680723,
              42.7297739
            ],
            [
              -73.6807003,
              42.7297713
            ],
            [
              -73.6807026,
              42.7297586
            ],
            [
              -73.6807079,
              42.7297329
            ],
            [
              -73.6807308,
              42.7297355
            ],
            [
              -73.6807702,
              42.7295472
            ],
            [
              -73.6807477,
              42.7295446
            ],
            [
              -73.6807097,
              42.7295403
            ],
            [
              -73.6806787,
              42.7295369
            ],
            [
              -73.6806838,
              42.7295109
            ],
            [
              -73.6807468,
              42.729517
            ],
            [
              -73.6807942,
              42.7295216
            ],
            [
              -73.6807998,
              42.7294917
            ],
            [
              -73.68081,
              42.7294417
            ],
            [
              -73.6808152,
              42.7294185
            ],
            [
              -73.6808383,
              42.729421
            ],
            [
              -73.6808443,
              42.7293922
            ],
            [
              -73.6808604,
              42.7293106
            ],
            [
              -73.6808163,
              42.7293054
            ],
            [
              -73.6807189,
              42.7292938
            ],
            [
              -73.6804165,
              42.729258
            ],
            [
              -73.6804075,
              42.7292984
            ],
            [
              -73.6804022,
              42.7293207
            ],
            [
              -73.680398,
              42.7293397
            ],
            [
              -73.6801001,
              42.7293068
            ],
            [
              -73.6800722,
              42.7294322
            ],
            [
              -73.6800978,
              42.7294356
            ],
            [
              -73.6800939,
              42.7294532
            ],
            [
              -73.68009,
              42.7294716
            ],
            [
              -73.6800625,
              42.7294683
            ],
            [
              -73.6800332,
              42.7294648
            ],
            [
              -73.679993,
              42.7294601
            ],
            [
              -73.679974,
              42.7295458
            ],
            [
              -73.680014,
              42.7295505
            ],
            [
              -73.6800046,
              42.7295963
            ],
            [
              -73.6799917,
              42.7296593
            ],
            [
              -73.6800139,
              42.7296617
            ],
            [
              -73.6800072,
              42.7296922
            ],
            [
              -73.6799095,
              42.7296813
            ],
            [
              -73.6798762,
              42.7296777
            ],
            [
              -73.6797878,
              42.7296671
            ],
            [
              -73.6797315,
              42.7296604
            ],
            [
              -73.6797295,
              42.72967
            ],
            [
              -73.6797099,
              42.729764
            ],
            [
              -73.6808058,
              42.729886
            ]
          ]
        ]
      },
      "id": "way/104737275"
    },
    {
      "type": "Feature",
      "properties": {
        "@id": "way/104737278",
        "building": "dormitory",
        "building:levels": "3",
        "name": "Church VI",
        "noaddress": "yes",
        "smoking": "no"
      },
      "geometry": {
        "type": "Polygon",
        "coordinates": [
          [
            [
              -73.6787652,
              42.7299311
            ],
            [
              -73.6787852,
              42.7298319
            ],
            [
              -73.6786306,
              42.7298151
            ],
            [
              -73.6786206,
              42.7298647
            ],
            [
              -73.6786106,
              42.7299143
            ],
            [
              -73.6787652,
              42.7299311
            ]
          ]
        ]
      },
      "id": "way/104737278"
    },
    {
      "type": "Feature",
      "properties": {
        "@id": "way/104737282",
        "addr:city": "Troy",
        "addr:housenumber": "1109",
        "addr:postcode": "12180",
        "addr:state": "NY",
        "addr:street": "Sage Avenue",
        "building": "university",
        "building:levels": "2",
        "name": "Sage Avenue Boiler House",
        "nysgissam:nysaddresspointid": "RENS014813"
      },
      "geometry": {
        "type": "Polygon",
        "coordinates": [
          [
            [
              -73.6820759,
              42.7311206
            ],
            [
              -73.6815288,
              42.7310595
            ],
            [
              -73.6814857,
              42.7312545
            ],
            [
              -73.6815556,
              42.7312644
            ],
            [
              -73.6815601,
              42.7312409
            ],
            [
              -73.6816334,
              42.7312467
            ],
            [
              -73.6816423,
              42.7312153
            ],
            [
              -73.6816843,
              42.731221
            ],
            [
              -73.6816548,
              42.7313412
            ],
            [
              -73.6818399,
              42.7313629
            ],
            [
              -73.6818587,
              42.7312664
            ],
            [
              -73.6820411,
              42.73129
            ],
            [
              -73.6820759,
              42.7311206
            ]
          ]
        ]
      },
      "id": "way/104737282"
    },
    {
      "type": "Feature",
      "properties": {
        "@id": "way/104737289",
        "addr:city": "Troy",
        "addr:housenumber": "53",
        "addr:postcode": "12180",
        "addr:state": "NY",
        "addr:street": "11th Street",
        "building": "university",
        "building:levels": "2",
        "name": "Blaw-Knox 1 & 2",
        "nysgissam:nysaddresspointid": "RENS009060"
      },
      "geometry": {
        "type": "Polygon",
        "coordinates": [
          [
            [
              -73.6809614,
              42.7323661
            ],
            [
              -73.6810014,
              42.7322036
            ],
            [
              -73.680956,
              42.7321975
            ],
            [
              -73.6809699,
              42.732141
            ],
            [
              -73.681018,
              42.7321474
            ],
            [
              -73.681061,
              42.7319724
            ],
            [
              -73.6807367,
              42.7319293
            ],
            [
              -73.6806965,
              42.7320927
            ],
            [
              -73.680919,
              42.7321222
            ],
            [
              -73.6809006,
              42.7321974
            ],
            [
              -73.6806832,
              42.7321685
            ],
            [
              -73.680645,
              42.7323241
            ],
            [
              -73.6809614,
              42.7323661
            ]
          ]
        ]
      },
      "id": "way/104737289"
    },
    {
      "type": "Feature",
      "properties": {
        "@id": "way/104737293",
        "addr:city": "Troy",
        "addr:housenumber": "41",
        "addr:postcode": "12180",
        "addr:state": "NY",
        "addr:street": "College Avenue",
        "amenity": "library",
        "building": "yes",
        "building:levels": "5",
        "name": "Folsom Library",
        "nysgissam:nysaddresspointid": "RENS039780",
        "wikidata": "Q5464866",
        "wikipedia": "en:Folsom Library"
      },
      "geometry": {
        "type": "Polygon",
        "coordinates": [
          [
            [
              -73.682792,
              42.7297155
            ],
            [
              -73.6828045,
              42.7296562
            ],
            [
              -73.6828644,
              42.729663
            ],
            [
              -73.6829738,
              42.7291434
            ],
            [
              -73.6829278,
              42.7291381
            ],
            [
              -73.6829376,
              42.7290919
            ],
            [
              -73.6825236,
              42.7290449
            ],
            [
              -73.6825132,
              42.7290944
            ],
            [
              -73.68246,
              42.7290883
            ],
            [
              -73.6824149,
              42.7293023
            ],
            [
              -73.68235,
              42.7296105
            ],
            [
              -73.6824043,
              42.7296167
            ],
            [
              -73.6823931,
              42.7296701
            ],
            [
              -73.682792,
              42.7297155
            ]
          ]
        ]
      },
      "id": "way/104737293"
    },
    {
      "type": "Feature",
      "properties": {
        "@id": "way/104737294",
        "addr:city": "Troy",
        "addr:housenumber": "61",
        "addr:postcode": "12180",
        "addr:state": "NY",
        "addr:street": "College Avenue",
        "building": "university",
        "building:levels": "3",
        "name": "Empire State Hall",
        "nysgissam:nysaddresspointid": "RENS018458"
      },
      "geometry": {
        "type": "Polygon",
        "coordinates": [
          [
            [
              -73.6825394,
              42.7285713
            ],
            [
              -73.6826311,
              42.7283084
            ],
            [
              -73.6819633,
              42.728177
            ],
            [
              -73.681974,
              42.7281494
            ],
            [
              -73.6817862,
              42.7281159
            ],
            [
              -73.6816843,
              42.7284016
            ],
            [
              -73.6816763,
              42.7284292
            ],
            [
              -73.6818233,
              42.7284558
            ],
            [
              -73.6818613,
              42.7284627
            ],
            [
              -73.6818667,
              42.7284371
            ],
            [
              -73.6820834,
              42.7284803
            ],
            [
              -73.6825394,
              42.7285713
            ]
          ]
        ]
      },
      "id": "way/104737294"
    },
    {
      "type": "Feature",
      "properties": {
        "@id": "way/104737295",
        "addr:city": "Troy",
        "addr:housename": "E Complex",
        "addr:housenumber": "1106",
        "addr:postcode": "12180",
        "addr:state": "NY",
        "addr:street": "Sage Avenue",
        "building": "dormitory",
        "building:levels": "3",
        "building:levels:underground": "1",
        "name": "E Complex",
        "nysgissam:nysaddresspointid": "RENS045400"
      },
      "geometry": {
        "type": "Polygon",
        "coordinates": [
          [
            [
              -73.6789,
              42.7313966
            ],
            [
              -73.679471,
              42.7314849
            ],
            [
              -73.6795245,
              42.7312937
            ],
            [
              -73.679391,
              42.7312736
            ],
            [
              -73.6793591,
              42.7313878
            ],
            [
              -73.6792639,
              42.7313734
            ],
            [
              -73.6792951,
              42.7312622
            ],
            [
              -73.6791768,
              42.7312443
            ],
            [
              -73.6791444,
              42.73136
            ],
            [
              -73.6790357,
              42.7313436
            ],
            [
              -73.6790687,
              42.731226
            ],
            [
              -73.6789484,
              42.7312079
            ],
            [
              -73.6789,
              42.7313966
            ]
          ]
        ]
      },
      "id": "way/104737295"
    },
    {
      "type": "Feature",
      "properties": {
        "@id": "way/104737304",
        "addr:city": "Troy",
        "addr:housenumber": "1141",
        "addr:postcode": "12180",
        "addr:state": "NY",
        "addr:street": "Sage Avenue",
        "building": "university",
        "building:levels": "6",
        "name": "Ricketts Building",
        "nysgissam:nysaddresspointid": "RENS023245"
      },
      "geometry": {
        "type": "Polygon",
        "coordinates": [
          [
            [
              -73.6800676,
              42.7310186
            ],
            [
              -73.6800989,
              42.7308567
            ],
            [
              -73.6797645,
              42.7308213
            ],
            [
              -73.6794128,
              42.7307852
            ],
            [
              -73.6793815,
              42.7309471
            ],
            [
              -73.6797332,
              42.7309837
            ],
            [
              -73.6800445,
              42.7310162
            ],
            [
              -73.6800676,
              42.7310186
            ]
          ]
        ]
      },
      "id": "way/104737304"
    },
    {
      "type": "Feature",
      "properties": {
        "@id": "way/104737313",
        "addr:city": "Troy",
        "addr:housenumber": "51",
        "addr:postcode": "12180",
        "addr:state": "NY",
        "addr:street": "College Avenue",
        "building": "university",
        "building:levels": "2",
        "building:levels:underground": "1",
        "name": "Darrin Communications Center",
        "nysgissam:nysaddresspointid": "RENS026393"
      },
      "geometry": {
        "type": "Polygon",
        "coordinates": [
          [
            [
              -73.6796245,
              42.7287839
            ],
            [
              -73.6791739,
              42.7287287
            ],
            [
              -73.6791551,
              42.7288528
            ],
            [
              -73.6791203,
              42.7288489
            ],
            [
              -73.6789513,
              42.7296291
            ],
            [
              -73.6789168,
              42.7297681
            ],
            [
              -73.6789137,
              42.7297808
            ],
            [
              -73.6795609,
              42.7298638
            ],
            [
              -73.6795709,
              42.7298044
            ],
            [
              -73.6794394,
              42.7297296
            ],
            [
              -73.6794638,
              42.729649
            ],
            [
              -73.6794674,
              42.729637
            ],
            [
              -73.6794716,
              42.7296232
            ],
            [
              -73.679465,
              42.7296171
            ],
            [
              -73.6794502,
              42.7296035
            ],
            [
              -73.6794904,
              42.7294005
            ],
            [
              -73.6795192,
              42.7294038
            ],
            [
              -73.6795354,
              42.7294035
            ],
            [
              -73.6795565,
              42.7293982
            ],
            [
              -73.6795816,
              42.7293828
            ],
            [
              -73.679587,
              42.7293651
            ],
            [
              -73.6795843,
              42.7293473
            ],
            [
              -73.6795682,
              42.7293276
            ],
            [
              -73.6795402,
              42.7293196
            ],
            [
              -73.6795092,
              42.7293158
            ],
            [
              -73.6795959,
              42.728916
            ],
            [
              -73.6796245,
              42.7287839
            ]
          ]
        ]
      },
      "id": "way/104737313"
    },
    {
      "type": "Feature",
      "properties": {
        "@id": "way/104737314",
        "addr:city": "Troy",
        "addr:housename": "Lally Hall",
        "addr:housenumber": "1125",
        "addr:postcode": "12180",
        "addr:state": "NY",
        "addr:street": "Sage Avenue",
        "building": "university",
        "building:levels": "3",
        "building:levels:underground": "1",
        "ele": "71",
        "gnis:feature_id": "2426531",
        "name": "Lally Hall",
        "nysgissam:nysaddresspointid": "RENS018098",
        "roof:levels": "0"
      },
      "geometry": {
        "type": "Polygon",
        "coordinates": [
          [
            [
              -73.6821114,
              42.7300288
            ],
            [
              -73.6817293,
              42.7299732
            ],
            [
              -73.6817245,
              42.7299909
            ],
            [
              -73.6816963,
              42.7300954
            ],
            [
              -73.6818871,
              42.7301234
            ],
            [
              -73.6820784,
              42.730151
            ],
            [
              -73.6821114,
              42.7300288
            ]
          ]
        ]
      },
      "id": "way/104737314"
    },
    {
      "type": "Feature",
      "properties": {
        "@id": "way/104737315",
        "addr:city": "Troy",
        "addr:housenumber": "1645",
        "addr:postcode": "12180",
        "addr:state": "NY",
        "addr:street": "15th Street",
        "building": "university",
        "building:levels": "8",
        "building:levels:underground": "1",
        "name": "Low Center For Industrial Innovation",
        "nysgissam:nysaddresspointid": "RENS014223",
        "roof:levels": "1",
        "wikidata": "Q5541960",
        "wikipedia": "en:George M. Low Center for Industrial Innovation"
      },
      "geometry": {
        "type": "Polygon",
        "coordinates": [
          [
            [
              -73.6784478,
              42.7295349
            ],
            [
              -73.6786455,
              42.7295582
            ],
            [
              -73.6787608,
              42.7296074
            ],
            [
              -73.6789513,
              42.7296291
            ],
            [
              -73.6791203,
              42.7288489
            ],
            [
              -73.6790344,
              42.728841
            ],
            [
              -73.6790425,
              42.7287898
            ],
            [
              -73.6787367,
              42.7287602
            ],
            [
              -73.678734,
              42.7287405
            ],
            [
              -73.6786942,
              42.7287348
            ],
            [
              -73.6785087,
              42.7294931
            ],
            [
              -73.6784551,
              42.7294872
            ],
            [
              -73.6784515,
              42.7295109
            ],
            [
              -73.6784478,
              42.7295349
            ]
          ]
        ]
      },
      "id": "way/104737315"
    },
    {
      "type": "Feature",
      "properties": {
        "@id": "way/104737317",
        "addr:city": "Troy",
        "addr:housenumber": "45",
        "addr:postcode": "12180",
        "addr:state": "NY",
        "addr:street": "College Avenue",
        "building": "university",
        "building:levels": "3",
        "ele": "71",
        "gnis:feature_id": "2426528",
        "name": "Voorhees Computing Center",
        "nysgissam:nysaddresspointid": "RENS015282"
      },
      "geometry": {
        "type": "Polygon",
        "coordinates": [
          [
            [
              -73.6821966,
              42.7293158
            ],
            [
              -73.6822042,
              42.7292812
            ],
            [
              -73.68221,
              42.7292547
            ],
            [
              -73.6821242,
              42.7292469
            ],
            [
              -73.6821376,
              42.729174
            ],
            [
              -73.6818023,
              42.7291365
            ],
            [
              -73.6818077,
              42.7291129
            ],
            [
              -73.6816222,
              42.7290895
            ],
            [
              -73.6815261,
              42.7290774
            ],
            [
              -73.6815207,
              42.7291267
            ],
            [
              -73.681459,
              42.7291405
            ],
            [
              -73.6814161,
              42.729174
            ],
            [
              -73.6814134,
              42.7292213
            ],
            [
              -73.6814322,
              42.7292528
            ],
            [
              -73.6814805,
              42.7292764
            ],
            [
              -73.6814724,
              42.7293296
            ],
            [
              -73.681573,
              42.7293412
            ],
            [
              -73.6817621,
              42.7293631
            ],
            [
              -73.6817621,
              42.7293355
            ],
            [
              -73.6821027,
              42.7293769
            ],
            [
              -73.6821188,
              42.7293079
            ],
            [
              -73.6821966,
              42.7293158
            ]
          ]
        ]
      },
      "id": "way/104737317"
    },
    {
      "type": "Feature",
      "properties": {
        "@id": "way/104737320",
        "addr:city": "Troy",
        "addr:housenumber": "1641",
        "addr:postcode": "12180",
        "addr:state": "NY",
        "addr:street": "15th Street",
        "building": "university",
        "building:levels": "4",
        "name": "Center for Biotechnology and Interdisciplinary Studies",
        "nysgissam:nysaddresspointid": "RENS027264",
        "wikidata": "Q5059527",
        "wikipedia": "en:Center for Biotechnology and Interdisciplinary Studies"
      },
      "geometry": {
        "type": "Polygon",
        "coordinates": [
          [
            [
              -73.6784604,
              42.728776
            ],
            [
              -73.6785597,
              42.7284036
            ],
            [
              -73.6795709,
              42.7285592
            ],
            [
              -73.6795682,
              42.728577
            ],
            [
              -73.6797318,
              42.7285986
            ],
            [
              -73.6797399,
              42.7285809
            ],
            [
              -73.6797103,
              42.7285789
            ],
            [
              -73.6797774,
              42.7284883
            ],
            [
              -73.6797452,
              42.7284765
            ],
            [
              -73.6797452,
              42.7284588
            ],
            [
              -73.6797318,
              42.7284548
            ],
            [
              -73.6797157,
              42.728443
            ],
            [
              -73.679713,
              42.7284272
            ],
            [
              -73.679713,
              42.7284154
            ],
            [
              -73.6796889,
              42.7284056
            ],
            [
              -73.6796621,
              42.7283918
            ],
            [
              -73.679646,
              42.7283839
            ],
            [
              -73.6796057,
              42.7283839
            ],
            [
              -73.6795736,
              42.7283799
            ],
            [
              -73.6795494,
              42.7283622
            ],
            [
              -73.6795333,
              42.7283484
            ],
            [
              -73.6795092,
              42.7283524
            ],
            [
              -73.6794824,
              42.7283602
            ],
            [
              -73.6793804,
              42.7283445
            ],
            [
              -73.6793918,
              42.7283117
            ],
            [
              -73.6794234,
              42.7282203
            ],
            [
              -73.6783773,
              42.7280443
            ],
            [
              -73.6783344,
              42.7280371
            ],
            [
              -73.6783481,
              42.7279959
            ],
            [
              -73.6782056,
              42.7279721
            ],
            [
              -73.6780098,
              42.7286873
            ],
            [
              -73.6781466,
              42.728707
            ],
            [
              -73.6781654,
              42.7286459
            ],
            [
              -73.6781984,
              42.7286514
            ],
            [
              -73.6782244,
              42.7286558
            ],
            [
              -73.6781895,
              42.7287661
            ],
            [
              -73.6783344,
              42.7287917
            ],
            [
              -73.6783424,
              42.7287543
            ],
            [
              -73.6784604,
              42.728776
            ]
          ]
        ]
      },
      "id": "way/104737320"
    },
    {
      "type": "Feature",
      "properties": {
        "@id": "way/104737326",
        "addr:city": "Troy",
        "addr:housenumber": "1604",
        "addr:postcode": "12180",
        "addr:state": "NY",
        "addr:street": "15th Street",
        "building": "yes",
        "building:levels": "2",
        "leisure": "sports_centre",
        "name": "Robison Pool",
        "nysgissam:nysaddresspointid": "RENS057249",
        "sport": "swimming"
      },
      "geometry": {
        "type": "Polygon",
        "coordinates": [
          [
            [
              -73.6777325,
              42.7281686
            ],
            [
              -73.6778099,
              42.7278861
            ],
            [
              -73.6772151,
              42.7277981
            ],
            [
              -73.6772028,
              42.7278431
            ],
            [
              -73.6764993,
              42.7277391
            ],
            [
              -73.6764538,
              42.7279053
            ],
            [
              -73.676972,
              42.7279819
            ],
            [
              -73.6769146,
              42.7281913
            ],
            [
              -73.6773186,
              42.728251
            ],
            [
              -73.677329,
              42.7282131
            ],
            [
              -73.6773942,
              42.7282227
            ],
            [
              -73.6774102,
              42.7281644
            ],
            [
              -73.677471,
              42.7281734
            ],
            [
              -73.6774824,
              42.7281317
            ],
            [
              -73.6777325,
              42.7281686
            ]
          ]
        ]
      },
      "id": "way/104737326"
    },
    {
      "type": "Feature",
      "properties": {
        "@id": "way/104737331",
        "addr:city": "Troy",
        "addr:housenumber": "53",
        "addr:postcode": "12180",
        "addr:state": "NY",
        "addr:street": "College Avenue",
        "building": "university",
        "building:levels": "3",
        "building:levels:underground": "1",
        "name": "Jonsson-Rowland Science Center",
        "nysgissam:nysaddresspointid": "RENS027274",
        "roof:levels": "1"
      },
      "geometry": {
        "type": "Polygon",
        "coordinates": [
          [
            [
              -73.6809065,
              42.729085
            ],
            [
              -73.6809262,
              42.7290221
            ],
            [
              -73.6809649,
              42.7289011
            ],
            [
              -73.6809445,
              42.7288978
            ],
            [
              -73.6809232,
              42.7288942
            ],
            [
              -73.6807664,
              42.728867
            ],
            [
              -73.6807242,
              42.7288597
            ],
            [
              -73.6807151,
              42.7288582
            ],
            [
              -73.6806858,
              42.7288532
            ],
            [
              -73.6805248,
              42.7288252
            ],
            [
              -73.6805365,
              42.7287884
            ],
            [
              -73.6805575,
              42.7287219
            ],
            [
              -73.6805671,
              42.7286899
            ],
            [
              -73.6805785,
              42.7286569
            ],
            [
              -73.6805933,
              42.7286103
            ],
            [
              -73.6806037,
              42.7285772
            ],
            [
              -73.680614,
              42.728545
            ],
            [
              -73.6806624,
              42.7283922
            ],
            [
              -73.6805399,
              42.7283713
            ],
            [
              -73.6805025,
              42.7283649
            ],
            [
              -73.680407,
              42.7283486
            ],
            [
              -73.6803976,
              42.7283791
            ],
            [
              -73.6803938,
              42.7283913
            ],
            [
              -73.6803239,
              42.7286099
            ],
            [
              -73.6802735,
              42.728765
            ],
            [
              -73.6802564,
              42.728818
            ],
            [
              -73.6802487,
              42.7288419
            ],
            [
              -73.6802791,
              42.7288469
            ],
            [
              -73.6802676,
              42.7288846
            ],
            [
              -73.6802637,
              42.7288972
            ],
            [
              -73.6802542,
              42.728928
            ],
            [
              -73.6803374,
              42.7289419
            ],
            [
              -73.6803651,
              42.7289466
            ],
            [
              -73.6804077,
              42.7289538
            ],
            [
              -73.6804467,
              42.7289606
            ],
            [
              -73.6804765,
              42.7289655
            ],
            [
              -73.6804632,
              42.7290077
            ],
            [
              -73.6805374,
              42.7290203
            ],
            [
              -73.68052,
              42.7290756
            ],
            [
              -73.680604,
              42.7290899
            ],
            [
              -73.6806178,
              42.7290491
            ],
            [
              -73.6806225,
              42.7290353
            ],
            [
              -73.6806613,
              42.7290424
            ],
            [
              -73.6808513,
              42.7290756
            ],
            [
              -73.6809065,
              42.729085
            ]
          ]
        ]
      },
      "id": "way/104737331"
    },
    {
      "type": "Feature",
      "properties": {
        "@id": "way/104737348",
        "addr:city": "Troy",
        "addr:housenumber": "1616",
        "addr:postcode": "12180",
        "addr:state": "NY",
        "addr:street": "15th Street",
        "building": "yes",
        "building:levels": "4",
        "leisure": "sports_centre",
        "name": "Alumni Sports And Recreation Center",
        "nysgissam:nysaddresspointid": "RENS050839"
      },
      "geometry": {
        "type": "Polygon",
        "coordinates": [
          [
            [
              -73.6763101,
              42.7286342
            ],
            [
              -73.6765636,
              42.7286766
            ],
            [
              -73.6772553,
              42.728779
            ],
            [
              -73.6773057,
              42.7286011
            ],
            [
              -73.677362,
              42.7286098
            ],
            [
              -73.6773866,
              42.7285233
            ],
            [
              -73.6774112,
              42.7284368
            ],
            [
              -73.6773787,
              42.7284318
            ],
            [
              -73.6774241,
              42.7282722
            ],
            [
              -73.6773186,
              42.728251
            ],
            [
              -73.6769146,
              42.7281913
            ],
            [
              -73.6764552,
              42.7281236
            ],
            [
              -73.6763101,
              42.7286342
            ]
          ]
        ]
      },
      "id": "way/104737348"
    },
    {
      "type": "Feature",
      "properties": {
        "@id": "way/104737362",
        "addr:city": "Troy",
        "addr:housenumber": "43",
        "addr:postcode": "12180",
        "addr:state": "NY",
        "addr:street": "9th Street",
        "building": "university",
        "name": "Black Cultural Centre",
        "nysgissam:nysaddresspointid": "RENS003697",
        "source": "bing"
      },
      "geometry": {
        "type": "Polygon",
        "coordinates": [
          [
            [
              -73.682768,
              42.7325048
            ],
            [
              -73.6829422,
              42.732529
            ],
            [
              -73.6829488,
              42.7325032
            ],
            [
              -73.6829829,
              42.7325079
            ],
            [
              -73.682992,
              42.7324726
            ],
            [
              -73.6829507,
              42.7324669
            ],
            [
              -73.6829574,
              42.732441
            ],
            [
              -73.6827904,
              42.7324178
            ],
            [
              -73.682768,
              42.7325048
            ]
          ]
        ]
      },
      "id": "way/104737362"
    },
    {
      "type": "Feature",
      "properties": {
        "@id": "way/104737391",
        "addr:city": "Troy",
        "addr:housename": "Academy Hall",
        "addr:housenumber": "1601",
        "addr:postcode": "12180",
        "addr:state": "NY",
        "addr:street": "15th Street",
        "building": "university",
        "building:levels": "3",
        "building:levels:underground": "1",
        "name": "Academy Hall",
        "nysgissam:nysaddresspointid": "RENS039679",
        "old_name": "Public School Number 14",
        "roof:levels": "0"
      },
      "geometry": {
        "type": "Polygon",
        "coordinates": [
          [
            [
              -73.6786722,
              42.7277523
            ],
            [
              -73.6787155,
              42.7275948
            ],
            [
              -73.6787743,
              42.7276028
            ],
            [
              -73.6789194,
              42.7276224
            ],
            [
              -73.6789699,
              42.7274331
            ],
            [
              -73.6786802,
              42.7273878
            ],
            [
              -73.6786936,
              42.7273326
            ],
            [
              -73.6787875,
              42.7273464
            ],
            [
              -73.6788304,
              42.7271947
            ],
            [
              -73.6787467,
              42.7271813
            ],
            [
              -73.6785595,
              42.7271514
            ],
            [
              -73.6785408,
              42.7272322
            ],
            [
              -73.6785793,
              42.7272381
            ],
            [
              -73.6785256,
              42.7274132
            ],
            [
              -73.6784603,
              42.7276262
            ],
            [
              -73.6784168,
              42.7276192
            ],
            [
              -73.6783906,
              42.7277109
            ],
            [
              -73.6785872,
              42.7277398
            ],
            [
              -73.6786722,
              42.7277523
            ]
          ]
        ]
      },
      "id": "way/104737391"
    },
    {
      "type": "Feature",
      "properties": {
        "@id": "way/104737399",
        "addr:city": "Troy",
        "addr:housenumber": "57",
        "addr:postcode": "12180",
        "addr:state": "NY",
        "addr:street": "College Avenue",
        "building": "university",
        "building:levels": "3",
        "building:levels:underground": "1",
        "name": "Cogswell Laboratory",
        "nysgissam:nysaddresspointid": "RENS057777",
        "roof:levels": "1"
      },
      "geometry": {
        "type": "Polygon",
        "coordinates": [
          [
            [
              -73.6816843,
              42.7284016
            ],
            [
              -73.6817862,
              42.7281159
            ],
            [
              -73.6818293,
              42.7279916
            ],
            [
              -73.6813016,
              42.7278895
            ],
            [
              -73.6812444,
              42.7280371
            ],
            [
              -73.6808904,
              42.7279721
            ],
            [
              -73.6807965,
              42.7282223
            ],
            [
              -73.6812315,
              42.7283102
            ],
            [
              -73.6816843,
              42.7284016
            ]
          ]
        ]
      },
      "id": "way/104737399"
    },
    {
      "type": "Feature",
      "properties": {
        "@id": "way/104737407",
        "addr:city": "Troy",
        "addr:housename": "Carnegie Hall",
        "addr:housenumber": "112",
        "addr:postcode": "12180",
        "addr:state": "NY",
        "addr:street": "8th Street",
        "building": "university",
        "building:levels": "4",
        "building:levels:underground": "1",
        "name": "Carnegie Building",
        "nysgissam:nysaddresspointid": "RENS003872",
        "wikidata": "Q5043876",
        "wikipedia": "en:Carnegie Building (Troy, New York)"
      },
      "geometry": {
        "type": "Polygon",
        "coordinates": [
          [
            [
              -73.6832203,
              42.7306173
            ],
            [
              -73.6832524,
              42.7305562
            ],
            [
              -73.6832715,
              42.7305616
            ],
            [
              -73.6833129,
              42.7304826
            ],
            [
              -73.6833536,
              42.7304049
            ],
            [
              -73.6833413,
              42.7304014
            ],
            [
              -73.6833787,
              42.7303302
            ],
            [
              -73.6831485,
              42.7302651
            ],
            [
              -73.6830758,
              42.7304039
            ],
            [
              -73.682997,
              42.7305542
            ],
            [
              -73.6832203,
              42.7306173
            ]
          ]
        ]
      },
      "id": "way/104737407"
    },
    {
      "type": "Feature",
      "properties": {
        "@id": "way/104737720",
        "addr:city": "Troy",
        "addr:housenumber": "2",
        "addr:postcode": "12180",
        "addr:state": "NY",
        "addr:street": "Eaton Road",
        "building": "university",
        "building:levels": "2",
        "building:levels:underground": "1",
        "name": "Admissions",
        "nysgissam:nysaddresspointid": "RENS015780"
      },
      "geometry": {
        "type": "Polygon",
        "coordinates": [
          [
            [
              -73.6756605,
              42.7307505
            ],
            [
              -73.6756168,
              42.730638
            ],
            [
              -73.6755729,
              42.7305305
            ],
            [
              -73.6754437,
              42.7305589
            ],
            [
              -73.6754608,
              42.7306006
            ],
            [
              -73.6753267,
              42.7306304
            ],
            [
              -73.675363,
              42.7307197
            ],
            [
              -73.6754952,
              42.7306924
            ],
            [
              -73.6755322,
              42.7307767
            ],
            [
              -73.6756605,
              42.7307505
            ]
          ]
        ]
      },
      "id": "way/104737720"
    },
    {
      "type": "Feature",
      "properties": {
        "@id": "way/136134666",
        "addr:city": "Troy",
        "addr:country": "US",
        "addr:housenumber": "130",
        "addr:postcode": "12180",
        "addr:state": "NY",
        "addr:street": "College Avenue",
        "building": "yes",
        "building:levels": "1",
        "building:levels:underground": "1",
        "disused:amenity": "fast_food",
        "nysgissam:nysaddresspointid": "RENS048181",
        "nysgissam:review": "existing building has different addr:housenumber",
        "was:name": "Moe's Southwest Grill"
      },
      "geometry": {
        "type": "Polygon",
        "coordinates": [
          [
            [
              -73.6786117,
              42.7268308
            ],
            [
              -73.678631,
              42.7267662
            ],
            [
              -73.6784702,
              42.7267404
            ],
            [
              -73.6784648,
              42.7267496
            ],
            [
              -73.6784016,
              42.7267364
            ],
            [
              -73.6783853,
              42.7267917
            ],
            [
              -73.6786117,
              42.7268308
            ]
          ]
        ]
      },
      "id": "way/136134666"
    },
    {
      "type": "Feature",
      "properties": {
        "@id": "way/136134677",
        "addr:city": "Troy",
        "addr:housenumber": "1501",
        "addr:postcode": "12180",
        "addr:state": "NY",
        "addr:street": "Bouton Road",
        "amenity": "fire_station",
        "building": "service",
        "name": "Bouton Road Station",
        "nysgissam:nysaddresspointid": "RENS048106"
      },
      "geometry": {
        "type": "Polygon",
        "coordinates": [
          [
            [
              -73.6778112,
              42.7271168
            ],
            [
              -73.6778135,
              42.7270119
            ],
            [
              -73.677844,
              42.7270123
            ],
            [
              -73.6778449,
              42.7269707
            ],
            [
              -73.6778193,
              42.7269704
            ],
            [
              -73.6778222,
              42.7268426
            ],
            [
              -73.6776552,
              42.7268405
            ],
            [
              -73.6776521,
              42.7269767
            ],
            [
              -73.6775861,
              42.7269759
            ],
            [
              -73.6775854,
              42.7270073
            ],
            [
              -73.6775562,
              42.727007
            ],
            [
              -73.6775538,
              42.7271137
            ],
            [
              -73.6776374,
              42.7271147
            ],
            [
              -73.6776367,
              42.7271478
            ],
            [
              -73.6777541,
              42.7271492
            ],
            [
              -73.6777548,
              42.7271161
            ],
            [
              -73.6778112,
              42.7271168
            ]
          ]
        ]
      },
      "id": "way/136134677"
    },
    {
      "type": "Feature",
      "properties": {
        "@id": "way/174639409",
        "addr:city": "Troy",
        "addr:housenumber": "1624",
        "addr:postcode": "12180",
        "addr:state": "NY",
        "addr:street": "15th Street",
        "amenity": "police",
        "building": "yes",
        "building:levels": "1",
        "name": "RPI Public Safety",
        "nysgissam:nysaddresspointid": "RENS046882"
      },
      "geometry": {
        "type": "Polygon",
        "coordinates": [
          [
            [
              -73.6767969,
              42.7292006
            ],
            [
              -73.6769088,
              42.7293523
            ],
            [
              -73.6770709,
              42.7293774
            ],
            [
              -73.6771289,
              42.7293524
            ],
            [
              -73.677148,
              42.729386
            ],
            [
              -73.6771661,
              42.7293296
            ],
            [
              -73.6771783,
              42.7293217
            ],
            [
              -73.6772065,
              42.7293106
            ],
            [
              -73.6771818,
              42.7292743
            ],
            [
              -73.6771918,
              42.7292384
            ],
            [
              -73.677204,
              42.7291943
            ],
            [
              -73.6771539,
              42.7292086
            ],
            [
              -73.6768099,
              42.7291561
            ],
            [
              -73.6767969,
              42.7292006
            ]
          ]
        ]
      },
      "id": "way/174639409"
    },
    {
      "type": "Feature",
      "properties": {
        "@id": "way/237173278",
        "addr:city": "Troy",
        "addr:housenumber": "108",
        "addr:postcode": "12180",
        "addr:state": "NY",
        "addr:street": "14th Street",
        "amenity": "restaurant",
        "building": "yes",
        "building:levels": "1",
        "cuisine": "pizza;wings;sandwich;italian",
        "delivery": "yes",
        "description": "Formerly Pizza Bella.",
        "name": "Big Apple Pizzeria",
        "opening_hours": "Mo-Su 10:00-02:30",
        "phone": "+1-518-271-4444",
        "website": "https://bigapplepizzeriatroy.com"
      },
      "geometry": {
        "type": "Polygon",
        "coordinates": [
          [
            [
              -73.6790278,
              42.7269094
            ],
            [
              -73.6790511,
              42.7268416
            ],
            [
              -73.6788644,
              42.726807
            ],
            [
              -73.6788507,
              42.726847
            ],
            [
              -73.6789212,
              42.7268601
            ],
            [
              -73.6789117,
              42.7268879
            ],
            [
              -73.6790278,
              42.7269094
            ]
          ]
        ]
      },
      "id": "way/237173278"
    },
    {
      "type": "Feature",
      "properties": {
        "@id": "way/262004862",
        "addr:city": "Troy",
        "addr:housenumber": "50",
        "addr:postcode": "12180",
        "addr:state": "NY",
        "addr:street": "8th Street",
        "amenity": "arts_centre",
        "building": "yes",
        "building:levels": "7",
        "building:levels:underground": "1",
        "name": "Experimental Media and Performing Arts Center (EMPAC)",
        "nysgissam:nysaddresspointid": "RENS060255",
        "wikidata": "Q5421122",
        "wikipedia": "en:Experimental Media and Performing Arts Center"
      },
      "geometry": {
        "type": "Polygon",
        "coordinates": [
          [
            [
              -73.6843472,
              42.7289303
            ],
            [
              -73.6844367,
              42.7286857
            ],
            [
              -73.684328,
              42.7286642
            ],
            [
              -73.6841558,
              42.7286302
            ],
            [
              -73.6839246,
              42.7285846
            ],
            [
              -73.6836701,
              42.7285344
            ],
            [
              -73.6833871,
              42.7284785
            ],
            [
              -73.6833491,
              42.7285823
            ],
            [
              -73.6832976,
              42.7287231
            ],
            [
              -73.6833466,
              42.7287335
            ],
            [
              -73.6832923,
              42.7288893
            ],
            [
              -73.6832285,
              42.7290724
            ],
            [
              -73.6836622,
              42.7291589
            ],
            [
              -73.6842156,
              42.7292694
            ],
            [
              -73.6842424,
              42.7291906
            ],
            [
              -73.6843095,
              42.7291906
            ],
            [
              -73.6843224,
              42.729154
            ],
            [
              -73.6843685,
              42.7290231
            ],
            [
              -73.6842987,
              42.7289877
            ],
            [
              -73.6843229,
              42.7289226
            ],
            [
              -73.6843472,
              42.7289303
            ]
          ]
        ]
      },
      "id": "way/262004862"
    },
    {
      "type": "Feature",
      "properties": {
        "@id": "way/269410447",
        "addr:city": "Troy",
        "addr:housenumber": "92",
        "addr:postcode": "12180",
        "addr:state": "NY",
        "addr:street": "College Avenue",
        "building": "yes",
        "nysgissam:nysaddresspointid": "RENS035886",
        "operator": "Rensselaer Polytechnic Institute",
        "was:emergency": "ambulance_station",
        "was:name": "RPI Ambulance",
        "wheelchair": "no"
      },
      "geometry": {
        "type": "Polygon",
        "coordinates": [
          [
            [
              -73.6806988,
              42.7272457
            ],
            [
              -73.6807203,
              42.7271935
            ],
            [
              -73.6806366,
              42.7271748
            ],
            [
              -73.680615,
              42.727227
            ],
            [
              -73.6806988,
              42.7272457
            ]
          ]
        ]
      },
      "id": "way/269410447"
    },
    {
      "type": "Feature",
      "properties": {
        "@id": "way/269410451",
        "addr:city": "Troy",
        "addr:housenumber": "48",
        "addr:postcode": "12180",
        "addr:state": "NY",
        "addr:street": "Griswold Road",
        "building": "garages",
        "emergency": "ambulance_station",
        "name": "RPI Ambulance Garage",
        "nysgissam:nysaddresspointid": "RENS038421",
        "operator": "RPI Ambulance"
      },
      "geometry": {
        "type": "Polygon",
        "coordinates": [
          [
            [
              -73.6762387,
              42.728302
            ],
            [
              -73.6762978,
              42.7280819
            ],
            [
              -73.6761698,
              42.7280634
            ],
            [
              -73.6761108,
              42.7282835
            ],
            [
              -73.6762387,
              42.728302
            ]
          ]
        ]
      },
      "id": "way/269410451"
    },
    {
      "type": "Feature",
      "properties": {
        "@id": "way/269410452",
        "addr:city": "Troy",
        "addr:housenumber": "79",
        "addr:postcode": "12180",
        "addr:state": "NY",
        "addr:street": "Griswold Road",
        "building": "dormitory",
        "building:levels": "3",
        "name": "Warren Hall",
        "nysgissam:nysaddresspointid": "RENS029505",
        "website": "https://reslife.rpi.edu/update.do?artcenterkey=83",
        "wheelchair": "limited"
      },
      "geometry": {
        "type": "Polygon",
        "coordinates": [
          [
            [
              -73.6754975,
              42.7280105
            ],
            [
              -73.6756018,
              42.7276428
            ],
            [
              -73.6754738,
              42.7276232
            ],
            [
              -73.6753986,
              42.7278882
            ],
            [
              -73.6749329,
              42.7278169
            ],
            [
              -73.6749154,
              42.7278787
            ],
            [
              -73.67495,
              42.727884
            ],
            [
              -73.6749188,
              42.7279938
            ],
            [
              -73.6751096,
              42.728023
            ],
            [
              -73.6751291,
              42.7279542
            ],
            [
              -73.6754975,
              42.7280105
            ]
          ]
        ]
      },
      "id": "way/269410452"
    },
    {
      "type": "Feature",
      "properties": {
        "@id": "way/460831406",
        "addr:city": "Troy",
        "addr:housenumber": "92",
        "addr:postcode": "12180",
        "addr:state": "NY",
        "addr:street": "14th Street",
        "building": "yes",
        "nysgissam:nysaddresspointid": "RENS052252"
      },
      "geometry": {
        "type": "Polygon",
        "coordinates": [
          [
            [
              -73.6791921,
              42.72638
            ],
            [
              -73.6790696,
              42.7263605
            ],
            [
              -73.679066,
              42.7263727
            ],
            [
              -73.6790416,
              42.7263688
            ],
            [
              -73.6790295,
              42.7264097
            ],
            [
              -73.6791764,
              42.7264331
            ],
            [
              -73.6791921,
              42.72638
            ]
          ]
        ]
      },
      "id": "way/460831406"
    },
    {
      "type": "Feature",
      "properties": {
        "@id": "way/460831407",
        "building": "yes"
      },
      "geometry": {
        "type": "Polygon",
        "coordinates": [
          [
            [
              -73.6791531,
              42.7265075
            ],
            [
              -73.6791699,
              42.7264471
            ],
            [
              -73.6790089,
              42.7264229
            ],
            [
              -73.6790028,
              42.7264449
            ],
            [
              -73.678961,
              42.7264386
            ],
            [
              -73.6789546,
              42.7264618
            ],
            [
              -73.6789964,
              42.7264681
            ],
            [
              -73.6789921,
              42.7264833
            ],
            [
              -73.6791531,
              42.7265075
            ]
          ]
        ]
      },
      "id": "way/460831407"
    },
    {
      "type": "Feature",
      "properties": {
        "@id": "way/460831409",
        "building": "yes"
      },
      "geometry": {
        "type": "Polygon",
        "coordinates": [
          [
            [
              -73.6789209,
              42.726681
            ],
            [
              -73.679107,
              42.726709
            ],
            [
              -73.679125,
              42.7266481
            ],
            [
              -73.6789178,
              42.7266151
            ],
            [
              -73.6789099,
              42.7266418
            ],
            [
              -73.6788981,
              42.7266399
            ],
            [
              -73.6788875,
              42.7266757
            ],
            [
              -73.6789209,
              42.726681
            ]
          ]
        ]
      },
      "id": "way/460831409"
    },
    {
      "type": "Feature",
      "properties": {
        "@id": "way/460831410",
        "building": "yes"
      },
      "geometry": {
        "type": "Polygon",
        "coordinates": [
          [
            [
              -73.6788312,
              42.7266761
            ],
            [
              -73.6788718,
              42.7265425
            ],
            [
              -73.6787797,
              42.7265273
            ],
            [
              -73.678739,
              42.726661
            ],
            [
              -73.6788312,
              42.7266761
            ]
          ]
        ]
      },
      "id": "way/460831410"
    },
    {
      "type": "Feature",
      "properties": {
        "@id": "way/460831411",
        "addr:city": "Troy",
        "addr:housenumber": "128",
        "addr:postcode": "12180",
        "addr:state": "NY",
        "addr:street": "College Avenue",
        "building": "yes"
      },
      "geometry": {
        "type": "Polygon",
        "coordinates": [
          [
            [
              -73.6787585,
              42.7268588
            ],
            [
              -73.6787829,
              42.7267864
            ],
            [
              -73.6787034,
              42.7267719
            ],
            [
              -73.678679,
              42.7268444
            ],
            [
              -73.6787585,
              42.7268588
            ]
          ]
        ]
      },
      "id": "way/460831411"
    },
    {
      "type": "Feature",
      "properties": {
        "@id": "way/460831412",
        "addr:city": "Troy",
        "addr:housenumber": "126",
        "addr:postcode": "12180",
        "addr:state": "NY",
        "addr:street": "College Avenue",
        "amenity": "fast_food",
        "building": "yes",
        "cuisine": "kebab",
        "name": "The Kebab Zone",
        "old_name": "Caruso's Deli & Catering",
        "was:shop": "deli"
      },
      "geometry": {
        "type": "Polygon",
        "coordinates": [
          [
            [
              -73.6788394,
              42.7268801
            ],
            [
              -73.6788507,
              42.726847
            ],
            [
              -73.6788644,
              42.726807
            ],
            [
              -73.6788081,
              42.7267976
            ],
            [
              -73.6787823,
              42.7268689
            ],
            [
              -73.6788394,
              42.7268801
            ]
          ]
        ]
      },
      "id": "way/460831412"
    },
    {
      "type": "Feature",
      "properties": {
        "@id": "way/460831413",
        "addr:city": "Troy",
        "addr:flats": "1-3",
        "addr:housenumber": "106",
        "addr:postcode": "12180",
        "addr:state": "NY",
        "addr:street": "14th Street",
        "building": "yes",
        "nysgissam:nysaddresspointid": "RENS075387;RENS066948;RENS075632;RENS018600"
      },
      "geometry": {
        "type": "Polygon",
        "coordinates": [
          [
            [
              -73.6790719,
              42.7267811
            ],
            [
              -73.6788852,
              42.7267461
            ],
            [
              -73.6788644,
              42.726807
            ],
            [
              -73.6790511,
              42.7268416
            ],
            [
              -73.6790719,
              42.7267811
            ]
          ]
        ]
      },
      "id": "way/460831413"
    },
    {
      "type": "Feature",
      "properties": {
        "@id": "way/559347981",
        "addr:city": "Troy",
        "addr:housenumber": "1981",
        "addr:postcode": "12180",
        "addr:state": "NY",
        "addr:street": "15th Street",
        "building": "house",
        "name": "Chi Phi Fraternity"
      },
      "geometry": {
        "type": "Polygon",
        "coordinates": [
          [
            [
              -73.6773665,
              42.7310516
            ],
            [
              -73.6773375,
              42.7311456
            ],
            [
              -73.6775497,
              42.7311811
            ],
            [
              -73.6775787,
              42.7310871
            ],
            [
              -73.6773665,
              42.7310516
            ]
          ]
        ]
      },
      "id": "way/559347981"
    },
    {
      "type": "Feature",
      "properties": {
        "@id": "way/559347985",
        "addr:city": "Troy",
        "addr:housenumber": "1985",
        "addr:postcode": "12180",
        "addr:state": "NY",
        "addr:street": "15th Street",
        "building": "house"
      },
      "geometry": {
        "type": "Polygon",
        "coordinates": [
          [
            [
              -73.6772932,
              42.7311956
            ],
            [
              -73.6772628,
              42.731296
            ],
            [
              -73.6774964,
              42.7313341
            ],
            [
              -73.6775267,
              42.7312338
            ],
            [
              -73.6772932,
              42.7311956
            ]
          ]
        ]
      },
      "id": "way/559347985"
    },
    {
      "type": "Feature",
      "properties": {
        "@id": "way/559347988",
        "addr:city": "Troy",
        "addr:flats": "1-2",
        "addr:housenumber": "1987",
        "addr:postcode": "12180",
        "addr:state": "NY",
        "addr:street": "15th Street",
        "building": "house",
        "nysgissam:nysaddresspointid": "RENS075135;RENS011497;RENS066503"
      },
      "geometry": {
        "type": "Polygon",
        "coordinates": [
          [
            [
              -73.6772484,
              42.7313032
            ],
            [
              -73.6772229,
              42.7313899
            ],
            [
              -73.677498,
              42.7314334
            ],
            [
              -73.6775235,
              42.7313467
            ],
            [
              -73.6772484,
              42.7313032
            ]
          ]
        ]
      },
      "id": "way/559347988"
    },
    {
      "type": "Feature",
      "properties": {
        "@id": "way/559347991",
        "addr:city": "Troy",
        "addr:housenumber": "1986",
        "addr:postcode": "12180",
        "addr:state": "NY",
        "addr:street": "15th Street",
        "building": "yes"
      },
      "geometry": {
        "type": "Polygon",
        "coordinates": [
          [
            [
              -73.6766185,
              42.7311507
            ],
            [
              -73.6765891,
              42.7312417
            ],
            [
              -73.6767526,
              42.7312702
            ],
            [
              -73.676782,
              42.7311791
            ],
            [
              -73.6766185,
              42.7311507
            ]
          ]
        ]
      },
      "id": "way/559347991"
    },
    {
      "type": "Feature",
      "properties": {
        "@id": "way/559347994",
        "addr:city": "Troy",
        "addr:housenumber": "1988",
        "addr:postcode": "12180",
        "addr:state": "NY",
        "addr:street": "15th Street",
        "building": "yes"
      },
      "geometry": {
        "type": "Polygon",
        "coordinates": [
          [
            [
              -73.6765694,
              42.7312945
            ],
            [
              -73.6765464,
              42.7313726
            ],
            [
              -73.6767146,
              42.7313993
            ],
            [
              -73.6767376,
              42.7313212
            ],
            [
              -73.6765694,
              42.7312945
            ]
          ]
        ]
      },
      "id": "way/559347994"
    },
    {
      "type": "Feature",
      "properties": {
        "@id": "way/559347998",
        "addr:city": "Troy",
        "addr:housenumber": "1990",
        "addr:postcode": "12180",
        "addr:state": "NY",
        "addr:street": "15th Street",
        "building": "yes"
      },
      "geometry": {
        "type": "Polygon",
        "coordinates": [
          [
            [
              -73.676567,
              42.7314229
            ],
            [
              -73.6765422,
              42.7315145
            ],
            [
              -73.676637,
              42.7315284
            ],
            [
              -73.6766319,
              42.7315471
            ],
            [
              -73.6766999,
              42.7315571
            ],
            [
              -73.6767361,
              42.7314239
            ],
            [
              -73.676665,
              42.7314135
            ],
            [
              -73.6766588,
              42.7314363
            ],
            [
              -73.676567,
              42.7314229
            ]
          ]
        ]
      },
      "id": "way/559347998"
    },
    {
      "type": "Feature",
      "properties": {
        "@id": "way/559348001",
        "addr:city": "Troy",
        "addr:housenumber": "1991",
        "addr:postcode": "12180",
        "addr:state": "NY",
        "addr:street": "15th Street",
        "building": "house",
        "name": "Tau Epsilon Phi Fraternity"
      },
      "geometry": {
        "type": "Polygon",
        "coordinates": [
          [
            [
              -73.6771756,
              42.7315226
            ],
            [
              -73.6771472,
              42.7316231
            ],
            [
              -73.6773992,
              42.7316614
            ],
            [
              -73.6774275,
              42.731561
            ],
            [
              -73.6771756,
              42.7315226
            ]
          ]
        ]
      },
      "id": "way/559348001"
    },
    {
      "type": "Feature",
      "properties": {
        "@id": "way/559348005",
        "addr:city": "Troy",
        "addr:flats": "1-2",
        "addr:housenumber": "1993",
        "addr:postcode": "12180",
        "addr:state": "NY",
        "addr:street": "15th Street",
        "building": "yes",
        "nysgissam:nysaddresspointid": "RENS067552;RENS079369;RENS040662"
      },
      "geometry": {
        "type": "Polygon",
        "coordinates": [
          [
            [
              -73.6771416,
              42.7316387
            ],
            [
              -73.6771129,
              42.7317365
            ],
            [
              -73.6773304,
              42.731771
            ],
            [
              -73.6773591,
              42.7316732
            ],
            [
              -73.6771416,
              42.7316387
            ]
          ]
        ]
      },
      "id": "way/559348005"
    },
    {
      "type": "Feature",
      "properties": {
        "@id": "way/559348008",
        "addr:city": "Troy",
        "addr:flats": "1-2",
        "addr:housenumber": "1992",
        "addr:postcode": "12180",
        "addr:state": "NY",
        "addr:street": "15th Street",
        "building": "yes",
        "nysgissam:nysaddresspointid": "RENS042577;RENS067510;RENS066086"
      },
      "geometry": {
        "type": "Polygon",
        "coordinates": [
          [
            [
              -73.6765029,
              42.7315493
            ],
            [
              -73.6764763,
              42.7316504
            ],
            [
              -73.67667,
              42.7316779
            ],
            [
              -73.6766966,
              42.7315768
            ],
            [
              -73.6765029,
              42.7315493
            ]
          ]
        ]
      },
      "id": "way/559348008"
    },
    {
      "type": "Feature",
      "properties": {
        "@id": "way/559348011",
        "addr:city": "Troy",
        "addr:flats": "1-2",
        "addr:housenumber": "1995",
        "addr:postcode": "12180",
        "addr:state": "NY",
        "addr:street": "15th Street",
        "building": "yes",
        "building:levels": "2",
        "building:levels:underground": "1",
        "nysgissam:nysaddresspointid": "RENS053897;RENS069637;RENS075085"
      },
      "geometry": {
        "type": "Polygon",
        "coordinates": [
          [
            [
              -73.6771294,
              42.731764
            ],
            [
              -73.6771089,
              42.7318427
            ],
            [
              -73.6773413,
              42.7318754
            ],
            [
              -73.6773618,
              42.7317968
            ],
            [
              -73.6771294,
              42.731764
            ]
          ]
        ]
      },
      "id": "way/559348011"
    },
    {
      "type": "Feature",
      "properties": {
        "@id": "way/559348014",
        "addr:city": "Troy",
        "addr:housenumber": "1994",
        "addr:postcode": "12180",
        "addr:state": "NY",
        "addr:street": "15th Street",
        "building": "yes"
      },
      "geometry": {
        "type": "Polygon",
        "coordinates": [
          [
            [
              -73.6766562,
              42.7316994
            ],
            [
              -73.6765918,
              42.7316901
            ],
            [
              -73.6765871,
              42.7317078
            ],
            [
              -73.6764639,
              42.7316899
            ],
            [
              -73.6764392,
              42.731782
            ],
            [
              -73.6765745,
              42.7318016
            ],
            [
              -73.6765686,
              42.7318235
            ],
            [
              -73.6766208,
              42.731831
            ],
            [
              -73.6766562,
              42.7316994
            ]
          ]
        ]
      },
      "id": "way/559348014"
    },
    {
      "type": "Feature",
      "properties": {
        "@id": "way/559348018",
        "addr:city": "Troy",
        "addr:flats": "1-5",
        "addr:housenumber": "1996",
        "addr:postcode": "12180",
        "addr:state": "NY",
        "addr:street": "15th Street",
        "building": "yes",
        "nysgissam:nysaddresspointid": "RENS026040;RENS075676;RENS067577;RENS065601;RENS080313;RENS069394"
      },
      "geometry": {
        "type": "Polygon",
        "coordinates": [
          [
            [
              -73.6763372,
              42.73182
            ],
            [
              -73.676317,
              42.7318995
            ],
            [
              -73.676582,
              42.7319358
            ],
            [
              -73.6766022,
              42.7318562
            ],
            [
              -73.6763372,
              42.73182
            ]
          ]
        ]
      },
      "id": "way/559348018"
    },
    {
      "type": "Feature",
      "properties": {
        "@id": "way/635763215",
        "addr:city": "Troy",
        "addr:housenumber": "138",
        "addr:postcode": "12180",
        "addr:street": "8th Avenue",
        "building": "church",
        "disused": "yes",
        "disused:amenity": "place_of_worship",
        "ele": "33",
        "gnis:feature_id": "2392677",
        "name": "Episcopal Church of the Holy Cross",
        "note": "closed in 2009",
        "religion": "christian",
        "wikidata": "Q5117897",
        "wikipedia": "en:Church of the Holy Cross (Troy, New York)"
      },
      "geometry": {
        "type": "Polygon",
        "coordinates": [
          [
            [
              -73.683468,
              42.732637
            ],
            [
              -73.683527,
              42.732433
            ],
            [
              -73.683478,
              42.7324254
            ],
            [
              -73.6834731,
              42.7324424
            ],
            [
              -73.6834338,
              42.7324363
            ],
            [
              -73.683427,
              42.7324599
            ],
            [
              -73.6833494,
              42.7324478
            ],
            [
              -73.6832846,
              42.7324377
            ],
            [
              -73.6830827,
              42.7324062
            ],
            [
              -73.6830626,
              42.7324758
            ],
            [
              -73.6831436,
              42.7324885
            ],
            [
              -73.6831284,
              42.7325408
            ],
            [
              -73.6831861,
              42.7325498
            ],
            [
              -73.6831923,
              42.7325285
            ],
            [
              -73.6833954,
              42.7325602
            ],
            [
              -73.6833929,
              42.7325686
            ],
            [
              -73.6833306,
              42.7325588
            ],
            [
              -73.6833149,
              42.7326132
            ],
            [
              -73.683468,
              42.732637
            ]
          ]
        ]
      },
      "id": "way/635763215"
    },
    {
      "type": "Feature",
      "properties": {
        "@id": "way/674292060",
        "addr:city": "Troy",
        "addr:housenumber": "2001",
        "addr:postcode": "12180",
        "addr:state": "NY",
        "addr:street": "15th Street",
        "building": "yes",
        "nysgissam:nysaddresspointid": "RENS014484"
      },
      "geometry": {
        "type": "Polygon",
        "coordinates": [
          [
            [
              -73.6770811,
              42.7320588
            ],
            [
              -73.6770538,
              42.7321491
            ],
            [
              -73.6772477,
              42.7321808
            ],
            [
              -73.677275,
              42.7320905
            ],
            [
              -73.6770811,
              42.7320588
            ]
          ]
        ]
      },
      "id": "way/674292060"
    },
    {
      "type": "Feature",
      "properties": {
        "@id": "way/674292061",
        "addr:city": "Troy",
        "addr:housenumber": "2003",
        "addr:postcode": "12180",
        "addr:state": "NY",
        "addr:street": "15th Street",
        "building": "yes",
        "nysgissam:nysaddresspointid": "RENS056289"
      },
      "geometry": {
        "type": "Polygon",
        "coordinates": [
          [
            [
              -73.676988,
              42.7322462
            ],
            [
              -73.6772264,
              42.7322843
            ],
            [
              -73.6772493,
              42.7322072
            ],
            [
              -73.6770109,
              42.732169
            ],
            [
              -73.676988,
              42.7322462
            ]
          ]
        ]
      },
      "id": "way/674292061"
    },
    {
      "type": "Feature",
      "properties": {
        "@id": "way/674292062",
        "addr:city": "Troy",
        "addr:housenumber": "2005",
        "addr:postcode": "12180",
        "addr:state": "NY",
        "addr:street": "15th Street",
        "building": "yes",
        "nysgissam:nysaddresspointid": "RENS040886"
      },
      "geometry": {
        "type": "Polygon",
        "coordinates": [
          [
            [
              -73.6769806,
              42.7322619
            ],
            [
              -73.6769574,
              42.732342
            ],
            [
              -73.6769927,
              42.7323476
            ],
            [
              -73.6769905,
              42.7323551
            ],
            [
              -73.6771562,
              42.7323817
            ],
            [
              -73.6771582,
              42.732375
            ],
            [
              -73.6772208,
              42.7323851
            ],
            [
              -73.6772456,
              42.7323021
            ],
            [
              -73.6772048,
              42.7322955
            ],
            [
              -73.677206,
              42.7322912
            ],
            [
              -73.6770763,
              42.7322704
            ],
            [
              -73.6770746,
              42.7322762
            ],
            [
              -73.6769806,
              42.7322619
            ]
          ]
        ]
      },
      "id": "way/674292062"
    },
    {
      "type": "Feature",
      "properties": {
        "@id": "way/674292063",
        "addr:city": "Troy",
        "addr:housenumber": "2009",
        "addr:postcode": "12180",
        "addr:state": "NY",
        "addr:street": "15th Street",
        "building": "yes",
        "nysgissam:nysaddresspointid": "RENS057528"
      },
      "geometry": {
        "type": "Polygon",
        "coordinates": [
          [
            [
              -73.6769481,
              42.7323783
            ],
            [
              -73.6769237,
              42.7324659
            ],
            [
              -73.6770987,
              42.7324923
            ],
            [
              -73.6771028,
              42.7324776
            ],
            [
              -73.6771416,
              42.7324835
            ],
            [
              -73.6771569,
              42.7324287
            ],
            [
              -73.6771184,
              42.7324229
            ],
            [
              -73.6771234,
              42.7324047
            ],
            [
              -73.6769481,
              42.7323783
            ]
          ]
        ]
      },
      "id": "way/674292063"
    },
    {
      "type": "Feature",
      "properties": {
        "@id": "way/674292065",
        "addr:city": "Troy",
        "addr:flats": "1-2",
        "addr:housenumber": "2004",
        "addr:postcode": "12180",
        "addr:state": "NY",
        "addr:street": "15th Street",
        "building": "yes",
        "nysgissam:nysaddresspointid": "RENS069787;RENS061415;RENS071999"
      },
      "geometry": {
        "type": "Polygon",
        "coordinates": [
          [
            [
              -73.6765172,
              42.7321036
            ],
            [
              -73.6762288,
              42.7320586
            ],
            [
              -73.676202,
              42.7321513
            ],
            [
              -73.6764904,
              42.7321963
            ],
            [
              -73.6765172,
              42.7321036
            ]
          ]
        ]
      },
      "id": "way/674292065"
    },
    {
      "type": "Feature",
      "properties": {
        "@id": "way/674292066",
        "addr:city": "Troy",
        "addr:flats": "1-3",
        "addr:housenumber": "2006",
        "addr:postcode": "12180",
        "addr:state": "NY",
        "addr:street": "15th Street",
        "building": "yes",
        "nysgissam:nysaddresspointid": "RENS075509;RENS078004;RENS035157;RENS072229"
      },
      "geometry": {
        "type": "Polygon",
        "coordinates": [
          [
            [
              -73.6765045,
              42.7322504
            ],
            [
              -73.6762408,
              42.7322101
            ],
            [
              -73.6762175,
              42.7322924
            ],
            [
              -73.6764812,
              42.7323327
            ],
            [
              -73.6765045,
              42.7322504
            ]
          ]
        ]
      },
      "id": "way/674292066"
    },
    {
      "type": "Feature",
      "properties": {
        "@id": "way/674292067",
        "addr:city": "Troy",
        "addr:housenumber": "2008",
        "addr:postcode": "12180",
        "addr:state": "NY",
        "addr:street": "15th Street",
        "building": "yes",
        "nysgissam:nysaddresspointid": "RENS024813"
      },
      "geometry": {
        "type": "Polygon",
        "coordinates": [
          [
            [
              -73.6764523,
              42.7323859
            ],
            [
              -73.6762835,
              42.7323598
            ],
            [
              -73.676253,
              42.7324661
            ],
            [
              -73.6764218,
              42.7324922
            ],
            [
              -73.6764523,
              42.7323859
            ]
          ]
        ]
      },
      "id": "way/674292067"
    },
    {
      "type": "Feature",
      "properties": {
        "@id": "way/921526637",
        "building": "school",
        "disused": "yes",
        "note": "closed in 2009",
        "old_name": "Mary Warren School"
      },
      "geometry": {
        "type": "Polygon",
        "coordinates": [
          [
            [
              -73.6830031,
              42.7323848
            ],
            [
              -73.6831399,
              42.7324059
            ],
            [
              -73.6831542,
              42.7323557
            ],
            [
              -73.6833016,
              42.7323784
            ],
            [
              -73.6832846,
              42.7324377
            ],
            [
              -73.6833494,
              42.7324478
            ],
            [
              -73.6833681,
              42.7323821
            ],
            [
              -73.6833917,
              42.7323858
            ],
            [
              -73.6834157,
              42.7323019
            ],
            [
              -73.6831682,
              42.7322637
            ],
            [
              -73.6831798,
              42.7322233
            ],
            [
              -73.6830548,
              42.7322041
            ],
            [
              -73.6830031,
              42.7323848
            ]
          ]
        ]
      },
      "id": "way/921526637"
    },
    {
      "type": "Feature",
      "properties": {
        "@id": "way/958312987",
        "building": "yes",
        "building:levels": "1"
      },
      "geometry": {
        "type": "Polygon",
        "coordinates": [
          [
            [
              -73.6814533,
              42.7314359
            ],
            [
              -73.6814746,
              42.7313266
            ],
            [
              -73.6814001,
              42.7313187
            ],
            [
              -73.6813787,
              42.731428
            ],
            [
              -73.6814533,
              42.7314359
            ]
          ]
        ]
      },
      "id": "way/958312987"
    },
    {
      "type": "Feature",
      "properties": {
        "@id": "way/958312998",
        "building": "yes"
      },
      "geometry": {
        "type": "Polygon",
        "coordinates": [
          [
            [
              -73.6821725,
              42.7310664
            ],
            [
              -73.682328,
              42.7310428
            ],
            [
              -73.6823407,
              42.7310199
            ],
            [
              -73.6823047,
              42.7310095
            ],
            [
              -73.6821617,
              42.7309674
            ],
            [
              -73.6821313,
              42.7310218
            ],
            [
              -73.6821626,
              42.7310312
            ],
            [
              -73.6821725,
              42.7310664
            ]
          ]
        ]
      },
      "id": "way/958312998"
    },
    {
      "type": "Feature",
      "properties": {
        "@id": "way/1035106649",
        "addr:city": "Troy",
        "addr:flats": "1-2",
        "addr:housenumber": "1505",
        "addr:postcode": "12180",
        "addr:state": "NY",
        "addr:street": "Bouton Road",
        "building": "house",
        "nysgissam:nysaddresspointid": "RENS050095;RENS071324;RENS075876"
      },
      "geometry": {
        "type": "Polygon",
        "coordinates": [
          [
            [
              -73.6773607,
              42.7269441
            ],
            [
              -73.6774144,
              42.7267577
            ],
            [
              -73.6773079,
              42.7267411
            ],
            [
              -73.6772541,
              42.7269275
            ],
            [
              -73.6773607,
              42.7269441
            ]
          ]
        ]
      },
      "id": "way/1035106649"
    },
    {
      "type": "Feature",
      "properties": {
        "@id": "way/1035106650",
        "addr:city": "Troy",
        "addr:flats": "1-2",
        "addr:housenumber": "1511",
        "addr:postcode": "12180",
        "addr:state": "NY",
        "addr:street": "Bouton Road",
        "building": "house",
        "nysgissam:nysaddresspointid": "RENS078088;RENS078227;RENS060336"
      },
      "geometry": {
        "type": "Polygon",
        "coordinates": [
          [
            [
              -73.6770197,
              42.7268374
            ],
            [
              -73.6770626,
              42.7266797
            ],
            [
              -73.6769553,
              42.726664
            ],
            [
              -73.6769124,
              42.7268236
            ],
            [
              -73.6770197,
              42.7268374
            ]
          ]
        ]
      },
      "id": "way/1035106650"
    },
    {
      "type": "Feature",
      "properties": {
        "@id": "way/1218640178",
        "addr:city": "Troy",
        "addr:housenumber": "231",
        "addr:postcode": "12180",
        "addr:state": "NY",
        "addr:street": "Congress Street",
        "building": "apartments",
        "building:flats": "3",
        "building:levels": "3"
      },
      "geometry": {
        "type": "Polygon",
        "coordinates": [
          [
            [
              -73.6832537,
              42.7272691
            ],
            [
              -73.6831644,
              42.7272371
            ],
            [
              -73.6830947,
              42.727342
            ],
            [
              -73.6831841,
              42.727374
            ],
            [
              -73.6832537,
              42.7272691
            ]
          ]
        ]
      },
      "id": "way/1218640178"
    },
    {
      "type": "Feature",
      "properties": {
        "@id": "way/1218640179",
        "addr:city": "Troy",
        "addr:housenumber": "243",
        "addr:postcode": "12180",
        "addr:state": "NY",
        "addr:street": "Congress Street",
        "building": "apartments",
        "building:flats": "3",
        "building:levels": "3",
        "nysgissam:nysaddresspointid": "RENS027594;RENS067334;RENS071820;RENS072941"
      },
      "geometry": {
        "type": "Polygon",
        "coordinates": [
          [
            [
              -73.6830072,
              42.727176
            ],
            [
              -73.682933,
              42.7271495
            ],
            [
              -73.6828598,
              42.7272602
            ],
            [
              -73.6829341,
              42.7272867
            ],
            [
              -73.6830072,
              42.727176
            ]
          ]
        ]
      },
      "id": "way/1218640179"
    },
    {
      "type": "Feature",
      "properties": {
        "@id": "way/1233652822",
        "addr:city": "Troy",
        "addr:housenumber": "1525",
        "addr:postcode": "12180",
        "addr:state": "NY",
        "addr:street": "15th Street",
        "building": "yes",
        "building:levels": "2",
        "building:levels:underground": "1",
        "name": "RPI Off-Campus Commons",
        "nysgissam:nysaddresspointid": "RENS062582",
        "office": "yes",
        "website": "https://reslife.rpi.edu/off-campus-commons"
      },
      "geometry": {
        "type": "Polygon",
        "coordinates": [
          [
            [
              -73.6784298,
              42.7267319
            ],
            [
              -73.6784492,
              42.7266797
            ],
            [
              -73.6782331,
              42.7266363
            ],
            [
              -73.6782137,
              42.7266886
            ],
            [
              -73.6784298,
              42.7267319
            ]
          ]
        ]
      },
      "id": "way/1233652822"
    },
    {
      "type": "Feature",
      "properties": {
        "@id": "way/1376379928",
        "addr:city": "Troy",
        "addr:housenumber": "1528",
        "addr:postcode": "12180",
        "addr:state": "NY",
        "addr:street": "15th Street",
        "building": "yes",
        "name": "RPI International Services for Students and Scholars (ISSS)",
        "nysgissam:nysaddresspointid": "RENS002167",
        "office": "yes"
      },
      "geometry": {
        "type": "Polygon",
        "coordinates": [
          [
            [
              -73.6778138,
              42.7267673
            ],
            [
              -73.6778447,
              42.7266825
            ],
            [
              -73.6778076,
              42.7266752
            ],
            [
              -73.6778171,
              42.7266492
            ],
            [
              -73.6776905,
              42.7266243
            ],
            [
              -73.6776501,
              42.7267352
            ],
            [
              -73.6778138,
              42.7267673
            ]
          ]
        ]
      },
      "id": "way/1376379928"
    },
    {
      "type": "Feature",
      "properties": {
        "@id": "way/1426445272",
        "addr:city": "Troy",
        "addr:housenumber": "240",
        "addr:postcode": "12180",
        "addr:state": "NY",
        "addr:street": "Congress Street",
        "building": "yes",
        "nysgissam:nysaddresspointid": "RENS032441"
      },
      "geometry": {
        "type": "Polygon",
        "coordinates": [
          [
            [
              -73.6833377,
              42.72698
            ],
            [
              -73.6833584,
              42.7268991
            ],
            [
              -73.6832115,
              42.7268801
            ],
            [
              -73.683196,
              42.7269622
            ],
            [
              -73.6833377,
              42.72698
            ]
          ]
        ]
      },
      "id": "way/1426445272"
    },
    {
      "type": "Feature",
      "properties": {
        "@id": "way/1431714895",
        "building": "garage",
        "source": "microsoft/BuildingFootprints"
      },
      "geometry": {
        "type": "Polygon",
        "coordinates": [
          [
            [
              -73.6760018,
              42.732323
            ],
            [
              -73.6759962,
              42.7323964
            ],
            [
              -73.6761203,
              42.7324015
            ],
            [
              -73.6761259,
              42.732328
            ],
            [
              -73.6760018,
              42.732323
            ]
          ]
        ]
      },
      "id": "way/1431714895"
    },
    {
      "type": "Feature",
      "properties": {
        "@id": "way/1431714896",
        "building": "garage",
        "source": "microsoft/BuildingFootprints"
      },
      "geometry": {
        "type": "Polygon",
        "coordinates": [
          [
            [
              -73.6759876,
              42.7321239
            ],
            [
              -73.6760564,
              42.7321297
            ],
            [
              -73.676068,
              42.7320559
            ],
            [
              -73.6759992,
              42.73205
            ],
            [
              -73.6759876,
              42.7321239
            ]
          ]
        ]
      },
      "id": "way/1431714896"
    },
    {
      "type": "Feature",
      "properties": {
        "@id": "way/1431714897",
        "building": "garage",
        "source": "microsoft/BuildingFootprints"
      },
      "geometry": {
        "type": "Polygon",
        "coordinates": [
          [
            [
              -73.6761155,
              42.7319249
            ],
            [
              -73.6760212,
              42.7319065
            ],
            [
              -73.675996,
              42.7319765
            ],
            [
              -73.6760903,
              42.7319948
            ],
            [
              -73.6761155,
              42.7319249
            ]
          ]
        ]
      },
      "id": "way/1431714897"
    },
    {
      "type": "Feature",
      "properties": {
        "@id": "way/1431714941",
        "addr:city": "Troy",
        "addr:housenumber": "9",
        "addr:postcode": "12180",
        "addr:state": "NY",
        "addr:street": "Eaton Road",
        "building": "yes",
        "nysgissam:nysaddresspointid": "RENS042822",
        "source": "microsoft/BuildingFootprints"
      },
      "geometry": {
        "type": "Polygon",
        "coordinates": [
          [
            [
              -73.6756659,
              42.7314649
            ],
            [
              -73.6755224,
              42.7313815
            ],
            [
              -73.6754441,
              42.7314542
            ],
            [
              -73.6755876,
              42.7315376
            ],
            [
              -73.6756659,
              42.7314649
            ]
          ]
        ]
      },
      "id": "way/1431714941"
    },
    {
      "type": "Feature",
      "properties": {
        "@id": "way/1431714942",
        "addr:city": "Troy",
        "addr:housenumber": "7",
        "addr:postcode": "12180",
        "addr:state": "NY",
        "addr:street": "Eaton Road",
        "building": "yes",
        "nysgissam:nysaddresspointid": "RENS049273",
        "source": "microsoft/BuildingFootprints"
      },
      "geometry": {
        "type": "Polygon",
        "coordinates": [
          [
            [
              -73.6756277,
              42.7312813
            ],
            [
              -73.6755606,
              42.7313613
            ],
            [
              -73.6757345,
              42.7314399
            ],
            [
              -73.6758015,
              42.7313599
            ],
            [
              -73.6756277,
              42.7312813
            ]
          ]
        ]
      },
      "id": "way/1431714942"
    },
    {
      "type": "Feature",
      "properties": {
        "@id": "way/1431885463",
        "addr:city": "Troy",
        "addr:housenumber": "3",
        "addr:postcode": "12180",
        "addr:state": "NY",
        "addr:street": "Eaton Road",
        "building": "yes",
        "nysgissam:nysaddresspointid": "RENS032357",
        "source": "microsoft/BuildingFootprints"
      },
      "geometry": {
        "type": "Polygon",
        "coordinates": [
          [
            [
              -73.6758939,
              42.7311841
            ],
            [
              -73.6757964,
              42.7311252
            ],
            [
              -73.6756727,
              42.7312356
            ],
            [
              -73.6758006,
              42.7313129
            ],
            [
              -73.6758559,
              42.7312636
            ],
            [
              -73.6758255,
              42.7312452
            ],
            [
              -73.6758939,
              42.7311841
            ]
          ]
        ]
      },
      "id": "way/1431885463"
    },
    {
      "type": "Feature",
      "properties": {
        "@id": "way/1431885464",
        "addr:city": "Troy",
        "addr:housenumber": "1",
        "addr:postcode": "12180",
        "addr:state": "NY",
        "addr:street": "Eaton Road",
        "building": "yes",
        "nysgissam:nysaddresspointid": "RENS062993",
        "source": "microsoft/BuildingFootprints"
      },
      "geometry": {
        "type": "Polygon",
        "coordinates": [
          [
            [
              -73.6761564,
              42.7310493
            ],
            [
              -73.6761134,
              42.7309837
            ],
            [
              -73.6759623,
              42.7310372
            ],
            [
              -73.6760284,
              42.7311379
            ],
            [
              -73.6761046,
              42.731111
            ],
            [
              -73.6760815,
              42.7310758
            ],
            [
              -73.6761564,
              42.7310493
            ]
          ]
        ]
      },
      "id": "way/1431885464"
    },
    {
      "type": "Feature",
      "properties": {
        "@id": "way/1431891845",
        "addr:city": "Troy",
        "addr:flats": "1-3",
        "addr:housenumber": "22",
        "addr:postcode": "12180",
        "addr:state": "NY",
        "addr:street": "College Avenue",
        "building": "yes",
        "nysgissam:nysaddresspointid": "RENS067324;RENS071902;RENS069189;RENS047831",
        "source": "microsoft/BuildingFootprints"
      },
      "geometry": {
        "type": "Polygon",
        "coordinates": [
          [
            [
              -73.6837877,
              42.7278733
            ],
            [
              -73.683874,
              42.7278884
            ],
            [
              -73.6839095,
              42.7277783
            ],
            [
              -73.6838232,
              42.7277633
            ],
            [
              -73.6837877,
              42.7278733
            ]
          ]
        ]
      },
      "id": "way/1431891845"
    },
    {
      "type": "Feature",
      "properties": {
        "@id": "way/1431891846",
        "addr:city": "Troy",
        "addr:housenumber": "36",
        "addr:postcode": "12180",
        "addr:state": "NY",
        "addr:street": "College Avenue",
        "building": "yes",
        "nysgissam:nysaddresspointid": "RENS016110",
        "source": "microsoft/BuildingFootprints"
      },
      "geometry": {
        "type": "Polygon",
        "coordinates": [
          [
            [
              -73.6832462,
              42.7276577
            ],
            [
              -73.6832101,
              42.7277607
            ],
            [
              -73.6833112,
              42.7277798
            ],
            [
              -73.6833484,
              42.7276739
            ],
            [
              -73.6833508,
              42.7276671
            ],
            [
              -73.6833342,
              42.727664
            ],
            [
              -73.6833449,
              42.7276335
            ],
            [
              -73.6832195,
              42.7276098
            ],
            [
              -73.6832054,
              42.72765
            ],
            [
              -73.6832462,
              42.7276577
            ]
          ]
        ]
      },
      "id": "way/1431891846"
    },
    {
      "type": "Feature",
      "properties": {
        "@id": "way/1431891847",
        "addr:city": "Troy",
        "addr:housenumber": "34",
        "addr:postcode": "12180",
        "addr:state": "NY",
        "addr:street": "College Avenue",
        "building": "yes",
        "nysgissam:nysaddresspointid": "RENS048027"
      },
      "geometry": {
        "type": "Polygon",
        "coordinates": [
          [
            [
              -73.6833484,
              42.7276739
            ],
            [
              -73.6833112,
              42.7277798
            ],
            [
              -73.683394,
              42.7277951
            ],
            [
              -73.6834376,
              42.727679
            ],
            [
              -73.6833832,
              42.7276685
            ],
            [
              -73.6833797,
              42.7276797
            ],
            [
              -73.6833484,
              42.7276739
            ]
          ]
        ]
      },
      "id": "way/1431891847"
    },
    {
      "type": "Feature",
      "properties": {
        "@id": "way/1431891848",
        "building": "yes",
        "source": "microsoft/BuildingFootprints"
      },
      "geometry": {
        "type": "Polygon",
        "coordinates": [
          [
            [
              -73.6819287,
              42.7273742
            ],
            [
              -73.6818716,
              42.727475
            ],
            [
              -73.6819608,
              42.7275023
            ],
            [
              -73.6820179,
              42.7274015
            ],
            [
              -73.6819287,
              42.7273742
            ]
          ]
        ]
      },
      "id": "way/1431891848"
    },
    {
      "type": "Feature",
      "properties": {
        "@id": "way/1431891849",
        "building": "yes",
        "source": "microsoft/BuildingFootprints"
      },
      "geometry": {
        "type": "Polygon",
        "coordinates": [
          [
            [
              -73.6813014,
              42.727375
            ],
            [
              -73.6814684,
              42.7274062
            ],
            [
              -73.6815038,
              42.7273038
            ],
            [
              -73.6813368,
              42.7272726
            ],
            [
              -73.6813014,
              42.727375
            ]
          ]
        ]
      },
      "id": "way/1431891849"
    },
    {
      "type": "Feature",
      "properties": {
        "@id": "way/1431891850",
        "addr:city": "Troy",
        "addr:housenumber": "90",
        "addr:postcode": "12180",
        "addr:state": "NY",
        "addr:street": "College Avenue",
        "building": "yes",
        "nysgissam:nysaddresspointid": "RENS008144",
        "source": "microsoft/BuildingFootprints"
      },
      "geometry": {
        "type": "Polygon",
        "coordinates": [
          [
            [
              -73.6808098,
              42.7271766
            ],
            [
              -73.6807548,
              42.7272632
            ],
            [
              -73.6809752,
              42.7273087
            ],
            [
              -73.680998,
              42.727242
            ],
            [
              -73.6808837,
              42.7272204
            ],
            [
              -73.6809057,
              42.7271943
            ],
            [
              -73.6808098,
              42.7271766
            ]
          ]
        ]
      },
      "id": "way/1431891850"
    },
    {
      "type": "Feature",
      "properties": {
        "@id": "way/1431891851",
        "building": "yes"
      },
      "geometry": {
        "type": "Polygon",
        "coordinates": [
          [
            [
              -73.679269,
              42.7268994
            ],
            [
              -73.6792463,
              42.7269647
            ],
            [
              -73.6796162,
              42.7270338
            ],
            [
              -73.6796389,
              42.7269681
            ],
            [
              -73.6794129,
              42.7269258
            ],
            [
              -73.679269,
              42.7268994
            ]
          ]
        ]
      },
      "id": "way/1431891851"
    },
    {
      "type": "Feature",
      "properties": {
        "@id": "way/1431891852",
        "addr:city": "Troy",
        "addr:flats": "1-2",
        "addr:housenumber": "1519",
        "addr:postcode": "12180",
        "addr:state": "NY",
        "addr:street": "15th Street",
        "building": "yes",
        "nysgissam:nysaddresspointid": "RENS066969;RENS035678;RENS076017",
        "source": "microsoft/BuildingFootprints"
      },
      "geometry": {
        "type": "Polygon",
        "coordinates": [
          [
            [
              -73.678302,
              42.7264383
            ],
            [
              -73.678282,
              42.7265021
            ],
            [
              -73.6784428,
              42.7265293
            ],
            [
              -73.6784527,
              42.7264977
            ],
            [
              -73.6784798,
              42.7265023
            ],
            [
              -73.6784899,
              42.7264701
            ],
            [
              -73.678302,
              42.7264383
            ]
          ]
        ]
      },
      "id": "way/1431891852"
    },
    {
      "type": "Feature",
      "properties": {
        "@id": "way/1431891853",
        "addr:city": "Troy",
        "addr:housenumber": "1517",
        "addr:postcode": "12180",
        "addr:state": "NY",
        "addr:street": "15th Street",
        "building": "yes",
        "nysgissam:nysaddresspointid": "RENS017917",
        "source": "microsoft/BuildingFootprints"
      },
      "geometry": {
        "type": "Polygon",
        "coordinates": [
          [
            [
              -73.678514,
              42.7263711
            ],
            [
              -73.6784001,
              42.7263488
            ],
            [
              -73.6783727,
              42.7264242
            ],
            [
              -73.6784865,
              42.7264465
            ],
            [
              -73.678514,
              42.7263711
            ]
          ]
        ]
      },
      "id": "way/1431891853"
    },
    {
      "type": "Feature",
      "properties": {
        "@id": "way/1431894445",
        "addr:city": "Troy",
        "addr:housenumber": "1526",
        "addr:postcode": "12180",
        "addr:state": "NY",
        "addr:street": "15th Street",
        "building": "yes",
        "nysgissam:nysaddresspointid": "RENS026896",
        "source": "microsoft/BuildingFootprints"
      },
      "geometry": {
        "type": "Polygon",
        "coordinates": [
          [
            [
              -73.6779152,
              42.7265448
            ],
            [
              -73.6777342,
              42.7265116
            ],
            [
              -73.6777106,
              42.726581
            ],
            [
              -73.6778708,
              42.7266104
            ],
            [
              -73.6778815,
              42.726579
            ],
            [
              -73.6779023,
              42.7265828
            ],
            [
              -73.6779152,
              42.7265448
            ]
          ]
        ]
      },
      "id": "way/1431894445"
    },
    {
      "type": "Feature",
      "properties": {
        "@id": "way/1431894446",
        "addr:city": "Troy",
        "addr:housenumber": "1524",
        "addr:postcode": "12180",
        "addr:state": "NY",
        "addr:street": "15th Street",
        "building": "yes",
        "nysgissam:nysaddresspointid": "RENS013475",
        "source": "microsoft/BuildingFootprints"
      },
      "geometry": {
        "type": "Polygon",
        "coordinates": [
          [
            [
              -73.6777717,
              42.7264754
            ],
            [
              -73.6779637,
              42.726511
            ],
            [
              -73.6779898,
              42.7264351
            ],
            [
              -73.6777978,
              42.7263995
            ],
            [
              -73.6777717,
              42.7264754
            ]
          ]
        ]
      },
      "id": "way/1431894446"
    },
    {
      "type": "Feature",
      "properties": {
        "@id": "way/1431894447",
        "addr:city": "Troy",
        "addr:housenumber": "1513",
        "addr:postcode": "12180",
        "addr:state": "NY",
        "addr:street": "Bouton Road",
        "building": "yes",
        "nysgissam:nysaddresspointid": "RENS009781",
        "source": "microsoft/BuildingFootprints"
      },
      "geometry": {
        "type": "Polygon",
        "coordinates": [
          [
            [
              -73.676785,
              42.7265753
            ],
            [
              -73.676752,
              42.7267239
            ],
            [
              -73.6768525,
              42.726736
            ],
            [
              -73.6768855,
              42.7265874
            ],
            [
              -73.676785,
              42.7265753
            ]
          ]
        ]
      },
      "id": "way/1431894447"
    },
    {
      "type": "Feature",
      "properties": {
        "@id": "way/1431894448",
        "addr:city": "Troy",
        "addr:housenumber": "1515",
        "addr:postcode": "12180",
        "addr:state": "NY",
        "addr:street": "Bouton Road",
        "building": "yes",
        "nysgissam:nysaddresspointid": "RENS062680",
        "source": "microsoft/BuildingFootprints"
      },
      "geometry": {
        "type": "Polygon",
        "coordinates": [
          [
            [
              -73.6766264,
              42.7265022
            ],
            [
              -73.676593,
              42.726672
            ],
            [
              -73.676698,
              42.7266832
            ],
            [
              -73.6767315,
              42.7265133
            ],
            [
              -73.6766264,
              42.7265022
            ]
          ]
        ]
      },
      "id": "way/1431894448"
    },
    {
      "type": "Feature",
      "properties": {
        "@id": "way/1431894449",
        "addr:city": "Troy",
        "addr:flats": "1-2",
        "addr:housenumber": "1517",
        "addr:postcode": "12180",
        "addr:state": "NY",
        "addr:street": "Bouton Road",
        "building": "yes",
        "nysgissam:nysaddresspointid": "RENS054525;RENS071454;RENS078715",
        "source": "microsoft/BuildingFootprints"
      },
      "geometry": {
        "type": "Polygon",
        "coordinates": [
          [
            [
              -73.6764301,
              42.7264096
            ],
            [
              -73.6764192,
              42.7265826
            ],
            [
              -73.6765343,
              42.7265865
            ],
            [
              -73.6765452,
              42.7264135
            ],
            [
              -73.6764301,
              42.7264096
            ]
          ]
        ]
      },
      "id": "way/1431894449"
    },
    {
      "type": "Feature",
      "properties": {
        "@id": "way/1431894450",
        "addr:city": "Troy",
        "addr:housenumber": "1519",
        "addr:postcode": "12180",
        "addr:state": "NY",
        "addr:street": "Bouton Road",
        "building": "yes",
        "nysgissam:nysaddresspointid": "RENS026802",
        "source": "microsoft/BuildingFootprints"
      },
      "geometry": {
        "type": "Polygon",
        "coordinates": [
          [
            [
              -73.6762064,
              42.72645
            ],
            [
              -73.6763434,
              42.7264883
            ],
            [
              -73.676388,
              42.7264022
            ],
            [
              -73.6763095,
              42.7263803
            ],
            [
              -73.6763193,
              42.7263614
            ],
            [
              -73.6762607,
              42.726345
            ],
            [
              -73.6762064,
              42.72645
            ]
          ]
        ]
      },
      "id": "way/1431894450"
    },
    {
      "type": "Feature",
      "properties": {
        "@id": "way/1431894453",
        "addr:city": "Troy",
        "addr:housenumber": "1524",
        "addr:postcode": "12180",
        "addr:state": "NY",
        "addr:street": "Bouton Road",
        "building": "yes",
        "nysgissam:nysaddresspointid": "RENS041050",
        "source": "microsoft/BuildingFootprints"
      },
      "geometry": {
        "type": "Polygon",
        "coordinates": [
          [
            [
              -73.6754739,
              42.7264735
            ],
            [
              -73.6755113,
              42.7265615
            ],
            [
              -73.675609,
              42.726539
            ],
            [
              -73.6755716,
              42.7264511
            ],
            [
              -73.6754739,
              42.7264735
            ]
          ]
        ]
      },
      "id": "way/1431894453"
    },
    {
      "type": "Feature",
      "properties": {
        "@id": "way/1431895494",
        "addr:city": "Troy",
        "addr:housenumber": "257",
        "addr:postcode": "12180",
        "addr:state": "NY",
        "addr:street": "Congress Street",
        "building": "yes",
        "nysgissam:nysaddresspointid": "RENS006982",
        "source": "microsoft/BuildingFootprints"
      },
      "geometry": {
        "type": "Polygon",
        "coordinates": [
          [
            [
              -73.6820136,
              42.7268876
            ],
            [
              -73.6819711,
              42.7269561
            ],
            [
              -73.6822055,
              42.7270277
            ],
            [
              -73.6822448,
              42.7269582
            ],
            [
              -73.6820136,
              42.7268876
            ]
          ]
        ]
      },
      "id": "way/1431895494"
    },
    {
      "type": "Feature",
      "properties": {
        "@id": "way/1431895495",
        "building": "yes"
      },
      "geometry": {
        "type": "Polygon",
        "coordinates": [
          [
            [
              -73.6814915,
              42.7264225
            ],
            [
              -73.6814813,
              42.7263229
            ],
            [
              -73.6813642,
              42.7263301
            ],
            [
              -73.6813701,
              42.726375
            ],
            [
              -73.6813302,
              42.7263778
            ],
            [
              -73.6813405,
              42.7264566
            ],
            [
              -73.6814671,
              42.726428
            ],
            [
              -73.6814915,
              42.7264225
            ]
          ]
        ]
      },
      "id": "way/1431895495"
    },
    {
      "type": "Feature",
      "properties": {
        "@id": "way/1431895496",
        "building": "yes",
        "source": "microsoft/BuildingFootprints"
      },
      "geometry": {
        "type": "Polygon",
        "coordinates": [
          [
            [
              -73.6815517,
              42.726733
            ],
            [
              -73.6815267,
              42.726758
            ],
            [
              -73.6815869,
              42.7267905
            ],
            [
              -73.6816758,
              42.7267013
            ],
            [
              -73.6815415,
              42.726629
            ],
            [
              -73.6814775,
              42.7266931
            ],
            [
              -73.6815517,
              42.726733
            ]
          ]
        ]
      },
      "id": "way/1431895496"
    },
    {
      "type": "Feature",
      "properties": {
        "@id": "way/1431895497",
        "building": "yes",
        "source": "microsoft/BuildingFootprints"
      },
      "geometry": {
        "type": "Polygon",
        "coordinates": [
          [
            [
              -73.6817692,
              42.7267508
            ],
            [
              -73.6816886,
              42.7267104
            ],
            [
              -73.6816199,
              42.7267844
            ],
            [
              -73.6817005,
              42.7268247
            ],
            [
              -73.6817692,
              42.7267508
            ]
          ]
        ]
      },
      "id": "way/1431895497"
    },
    {
      "type": "Feature",
      "properties": {
        "@id": "way/1431895498",
        "building": "yes",
        "source": "microsoft/BuildingFootprints"
      },
      "geometry": {
        "type": "Polygon",
        "coordinates": [
          [
            [
              -73.6818672,
              42.7268858
            ],
            [
              -73.6819174,
              42.7268089
            ],
            [
              -73.6817735,
              42.7267582
            ],
            [
              -73.6817233,
              42.7268351
            ],
            [
              -73.6818672,
              42.7268858
            ]
          ]
        ]
      },
      "id": "way/1431895498"
    },
    {
      "type": "Feature",
      "properties": {
        "@id": "way/1445234568",
        "addr:city": "Troy",
        "addr:flats": "1-2",
        "addr:housenumber": "97",
        "addr:postcode": "12180",
        "addr:state": "NY",
        "addr:street": "14th Street",
        "building": "yes",
        "nysgissam:nysaddresspointid": "RENS060129;RENS064753;RENS079044"
      },
      "geometry": {
        "type": "Polygon",
        "coordinates": [
          [
            [
              -73.679346,
              42.7266573
            ],
            [
              -73.6795713,
              42.7266886
            ],
            [
              -73.6795885,
              42.7266218
            ],
            [
              -73.6793632,
              42.7265905
            ],
            [
              -73.679346,
              42.7266573
            ]
          ]
        ]
      },
      "id": "way/1445234568"
    },
    {
      "type": "Feature",
      "properties": {
        "@id": "way/1445234569",
        "addr:city": "Troy",
        "addr:housenumber": "95",
        "addr:postcode": "12180",
        "addr:state": "NY",
        "addr:street": "14th Street",
        "building": "yes",
        "nysgissam:nysaddresspointid": "RENS063500"
      },
      "geometry": {
        "type": "Polygon",
        "coordinates": [
          [
            [
              -73.6793665,
              42.7265795
            ],
            [
              -73.6796602,
              42.7266241
            ],
            [
              -73.6796747,
              42.7265727
            ],
            [
              -73.6793809,
              42.726528
            ],
            [
              -73.6793665,
              42.7265795
            ]
          ]
        ]
      },
      "id": "way/1445234569"
    },
    {
      "type": "Feature",
      "properties": {
        "@id": "way/1445234570",
        "addr:city": "Troy",
        "addr:housenumber": "93",
        "addr:postcode": "12180",
        "addr:state": "NY",
        "addr:street": "14th Street",
        "building": "yes",
        "nysgissam:nysaddresspointid": "RENS037324"
      },
      "geometry": {
        "type": "Polygon",
        "coordinates": [
          [
            [
              -73.6793887,
              42.7265198
            ],
            [
              -73.6795333,
              42.7265408
            ],
            [
              -73.679547,
              42.7264896
            ],
            [
              -73.6794024,
              42.7264687
            ],
            [
              -73.6793887,
              42.7265198
            ]
          ]
        ]
      },
      "id": "way/1445234570"
    },
    {
      "type": "Feature",
      "properties": {
        "@id": "way/1445234571",
        "addr:city": "Troy",
        "addr:flats": "1-2",
        "addr:housenumber": "89",
        "addr:postcode": "12180",
        "addr:state": "NY",
        "addr:street": "14th Street",
        "building": "yes",
        "nysgissam:nysaddresspointid": "RENS036559;RENS074675;RENS065408"
      },
      "geometry": {
        "type": "Polygon",
        "coordinates": [
          [
            [
              -73.6794161,
              42.7264073
            ],
            [
              -73.6795508,
              42.7264293
            ],
            [
              -73.6795771,
              42.7263353
            ],
            [
              -73.6794414,
              42.7263145
            ],
            [
              -73.6794161,
              42.7264073
            ]
          ]
        ]
      },
      "id": "way/1445234571"
    },
    {
      "type": "Feature",
      "properties": {
        "@id": "way/1449590651",
        "addr:city": "Troy",
        "addr:flats": "1-2",
        "addr:housenumber": "74",
        "addr:postcode": "12180",
        "addr:state": "NY",
        "addr:street": "13th Street",
        "building": "yes",
        "nysgissam:nysaddresspointid": "RENS068007;RENS051645;RENS067825"
      },
      "geometry": {
        "type": "Polygon",
        "coordinates": [
          [
            [
              -73.680375,
              42.7267285
            ],
            [
              -73.6805503,
              42.7267571
            ],
            [
              -73.6805565,
              42.7267366
            ],
            [
              -73.6805786,
              42.7267402
            ],
            [
              -73.6805916,
              42.7266971
            ],
            [
              -73.6803929,
              42.7266647
            ],
            [
              -73.680375,
              42.7267285
            ]
          ]
        ]
      },
      "id": "way/1449590651"
    },
    {
      "type": "Feature",
      "properties": {
        "@id": "way/1449590652",
        "addr:city": "Troy",
        "addr:flats": "1-2",
        "addr:housenumber": "76",
        "addr:postcode": "12180",
        "addr:state": "NY",
        "addr:street": "13th Street",
        "building": "yes",
        "nysgissam:nysaddresspointid": "RENS074545;RENS011286"
      },
      "geometry": {
        "type": "Polygon",
        "coordinates": [
          [
            [
              -73.6803561,
              42.7267959
            ],
            [
              -73.6805503,
              42.726828
            ],
            [
              -73.6805696,
              42.7267649
            ],
            [
              -73.6803739,
              42.7267325
            ],
            [
              -73.6803561,
              42.7267959
            ]
          ]
        ]
      },
      "id": "way/1449590652"
    },
    {
      "type": "Feature",
      "properties": {
        "@id": "way/1449590653",
        "addr:city": "Troy",
        "addr:housenumber": "72",
        "addr:postcode": "12180",
        "addr:state": "NY",
        "addr:street": "13th Street",
        "building": "yes",
        "nysgissam:nysaddresspointid": "RENS038291"
      },
      "geometry": {
        "type": "Polygon",
        "coordinates": [
          [
            [
              -73.6803947,
              42.7266584
            ],
            [
              -73.6805744,
              42.7266871
            ],
            [
              -73.6805942,
              42.7266203
            ],
            [
              -73.6805357,
              42.7266109
            ],
            [
              -73.6804135,
              42.7265914
            ],
            [
              -73.6803947,
              42.7266584
            ]
          ]
        ]
      },
      "id": "way/1449590653"
    },
    {
      "type": "Feature",
      "properties": {
        "@id": "way/1449590654",
        "addr:city": "Troy",
        "addr:flats": "1;2;A",
        "addr:housenumber": "66",
        "addr:postcode": "12180",
        "addr:state": "NY",
        "addr:street": "13th Street",
        "building": "yes",
        "nysgissam:nysaddresspointid": "RENS075065;RENS073320;RENS008697;RENS068162"
      },
      "geometry": {
        "type": "Polygon",
        "coordinates": [
          [
            [
              -73.6804331,
              42.7265214
            ],
            [
              -73.6805556,
              42.7265402
            ],
            [
              -73.6806224,
              42.7265504
            ],
            [
              -73.6806422,
              42.7264803
            ],
            [
              -73.6804528,
              42.7264513
            ],
            [
              -73.6804331,
              42.7265214
            ]
          ]
        ]
      },
      "id": "way/1449590654"
    },
    {
      "type": "Feature",
      "properties": {
        "@id": "way/1449590655",
        "addr:city": "Troy",
        "addr:housenumber": "70",
        "addr:postcode": "12180",
        "addr:state": "NY",
        "addr:street": "13th Street",
        "building": "yes",
        "nysgissam:nysaddresspointid": "RENS053830"
      },
      "geometry": {
        "type": "Polygon",
        "coordinates": [
          [
            [
              -73.6804135,
              42.7265914
            ],
            [
              -73.6805357,
              42.7266109
            ],
            [
              -73.6805556,
              42.7265402
            ],
            [
              -73.6804331,
              42.7265214
            ],
            [
              -73.6804135,
              42.7265914
            ]
          ]
        ]
      },
      "id": "way/1449590655"
    },
    {
      "type": "Feature",
      "properties": {
        "@id": "way/1449590656",
        "addr:city": "Troy",
        "addr:housenumber": "78",
        "addr:postcode": "12180",
        "addr:state": "NY",
        "addr:street": "13th Street",
        "building": "yes",
        "nysgissam:nysaddresspointid": "RENS033237"
      },
      "geometry": {
        "type": "Polygon",
        "coordinates": [
          [
            [
              -73.6803176,
              42.7269332
            ],
            [
              -73.6804297,
              42.7269527
            ],
            [
              -73.6804499,
              42.7268899
            ],
            [
              -73.6803353,
              42.72687
            ],
            [
              -73.6803176,
              42.7269332
            ]
          ]
        ]
      },
      "id": "way/1449590656"
    },
    {
      "type": "Feature",
      "properties": {
        "@id": "way/1449590657",
        "addr:city": "Troy",
        "addr:flats": "1-2",
        "addr:housenumber": "10",
        "addr:postcode": "12180",
        "addr:state": "NY",
        "addr:street": "Farm Street",
        "building": "yes",
        "nysgissam:nysaddresspointid": "RENS072999;RENS059566"
      },
      "geometry": {
        "type": "Polygon",
        "coordinates": [
          [
            [
              -73.6810642,
              42.727044
            ],
            [
              -73.6811429,
              42.7270782
            ],
            [
              -73.6812584,
              42.7269349
            ],
            [
              -73.6811797,
              42.7269007
            ],
            [
              -73.6810642,
              42.727044
            ]
          ]
        ]
      },
      "id": "way/1449590657"
    },
    {
      "type": "Feature",
      "properties": {
        "@id": "way/1449946292",
        "addr:city": "Troy",
        "addr:flats": "1",
        "addr:housenumber": "69",
        "addr:postcode": "12180",
        "addr:state": "NY",
        "addr:street": "13th Street",
        "building": "yes",
        "nysgissam:nysaddresspointid": "RENS029282;RENS065852"
      },
      "geometry": {
        "type": "Polygon",
        "coordinates": [
          [
            [
              -73.680182,
              42.7266368
            ],
            [
              -73.6801998,
              42.7265754
            ],
            [
              -73.6800152,
              42.7265465
            ],
            [
              -73.6799974,
              42.726608
            ],
            [
              -73.680182,
              42.7266368
            ]
          ]
        ]
      },
      "id": "way/1449946292"
    },
    {
      "type": "Feature",
      "properties": {
        "@id": "way/1449946293",
        "addr:city": "Troy",
        "addr:housenumber": "71",
        "addr:postcode": "12180",
        "addr:state": "NY",
        "addr:street": "13th Street",
        "building": "yes",
        "nysgissam:nysaddresspointid": "RENS017811"
      },
      "geometry": {
        "type": "Polygon",
        "coordinates": [
          [
            [
              -73.6801786,
              42.726646
            ],
            [
              -73.6800928,
              42.7266322
            ],
            [
              -73.6800908,
              42.7266389
            ],
            [
              -73.6800432,
              42.7266313
            ],
            [
              -73.680028,
              42.7266825
            ],
            [
              -73.6801613,
              42.7267039
            ],
            [
              -73.6801786,
              42.726646
            ]
          ]
        ]
      },
      "id": "way/1449946293"
    },
    {
      "type": "Feature",
      "properties": {
        "@id": "way/1449946294",
        "addr:city": "Troy",
        "addr:flats": "1-3",
        "addr:housenumber": "73",
        "addr:postcode": "12180",
        "addr:state": "NY",
        "addr:street": "13th Street",
        "building": "yes",
        "nysgissam:nysaddresspointid": "RENS063614;RENS080107;RENS070259;RENS064510"
      },
      "geometry": {
        "type": "Polygon",
        "coordinates": [
          [
            [
              -73.6799583,
              42.7266788
            ],
            [
              -73.6799404,
              42.7267433
            ],
            [
              -73.6801412,
              42.7267734
            ],
            [
              -73.6801592,
              42.7267088
            ],
            [
              -73.6799583,
              42.7266788
            ]
          ]
        ]
      },
      "id": "way/1449946294"
    },
    {
      "type": "Feature",
      "properties": {
        "@id": "way/1449946295",
        "building": "yes"
      },
      "geometry": {
        "type": "Polygon",
        "coordinates": [
          [
            [
              -73.6798091,
              42.7266509
            ],
            [
              -73.6798998,
              42.7266652
            ],
            [
              -73.6799114,
              42.7266256
            ],
            [
              -73.6798207,
              42.7266112
            ],
            [
              -73.6798091,
              42.7266509
            ]
          ]
        ]
      },
      "id": "way/1449946295"
    },
    {
      "type": "Feature",
      "properties": {
        "@id": "way/1449946296",
        "building": "yes"
      },
      "geometry": {
        "type": "Polygon",
        "coordinates": [
          [
            [
              -73.6797778,
              42.7267191
            ],
            [
              -73.6798609,
              42.7267319
            ],
            [
              -73.6798929,
              42.7267369
            ],
            [
              -73.6799103,
              42.7266763
            ],
            [
              -73.6797951,
              42.7266585
            ],
            [
              -73.6797778,
              42.7267191
            ]
          ]
        ]
      },
      "id": "way/1449946296"
    },
    {
      "type": "Feature",
      "properties": {
        "@id": "way/1449946297",
        "addr:city": "Troy",
        "addr:housenumber": "81",
        "addr:postcode": "12180",
        "addr:state": "NY",
        "addr:street": "13th Street",
        "building": "yes",
        "nysgissam:nysaddresspointid": "RENS015982"
      },
      "geometry": {
        "type": "Polygon",
        "coordinates": [
          [
            [
              -73.6799014,
              42.7269554
            ],
            [
              -73.6799728,
              42.7269672
            ],
            [
              -73.6800823,
              42.7269853
            ],
            [
              -73.6801029,
              42.726918
            ],
            [
              -73.679922,
              42.7268881
            ],
            [
              -73.6799014,
              42.7269554
            ]
          ]
        ]
      },
      "id": "way/1449946297"
    },
    {
      "type": "Feature",
      "properties": {
        "@id": "way/1449946298",
        "addr:city": "Troy",
        "addr:housenumber": "83",
        "addr:postcode": "12180",
        "addr:state": "NY",
        "addr:street": "13th Street",
        "building": "yes",
        "nysgissam:nysaddresspointid": "RENS020283"
      },
      "geometry": {
        "type": "Polygon",
        "coordinates": [
          [
            [
              -73.6799728,
              42.7269672
            ],
            [
              -73.6799014,
              42.7269554
            ],
            [
              -73.6798826,
              42.7269523
            ],
            [
              -73.6798658,
              42.7270031
            ],
            [
              -73.6799566,
              42.727019
            ],
            [
              -73.6799728,
              42.7269672
            ]
          ]
        ]
      },
      "id": "way/1449946298"
    },
    {
      "type": "Feature",
      "properties": {
        "@id": "way/1449946299",
        "building": "yes"
      },
      "geometry": {
        "type": "Polygon",
        "coordinates": [
          [
            [
              -73.6796812,
              42.7268358
            ],
            [
              -73.6795834,
              42.7268213
            ],
            [
              -73.6795629,
              42.7268964
            ],
            [
              -73.6796607,
              42.7269108
            ],
            [
              -73.6796812,
              42.7268358
            ]
          ]
        ]
      },
      "id": "way/1449946299"
    },
    {
      "type": "Feature",
      "properties": {
        "@id": "way/1449946300",
        "addr:city": "Troy",
        "addr:flats": "1-2",
        "addr:housenumber": "65",
        "addr:postcode": "12180",
        "addr:state": "NY",
        "addr:street": "13th Street",
        "building": "yes",
        "nysgissam:nysaddresspointid": "RENS058822;RENS069774"
      },
      "geometry": {
        "type": "Polygon",
        "coordinates": [
          [
            [
              -73.6802005,
              42.7265732
            ],
            [
              -73.6802424,
              42.7264349
            ],
            [
              -73.6800535,
              42.7264041
            ],
            [
              -73.6800455,
              42.7264308
            ],
            [
              -73.6800108,
              42.7264251
            ],
            [
              -73.6799948,
              42.7264778
            ],
            [
              -73.6800619,
              42.7264888
            ],
            [
              -73.6800649,
              42.7264789
            ],
            [
              -73.6801038,
              42.7264852
            ],
            [
              -73.6800971,
              42.7265075
            ],
            [
              -73.6801382,
              42.7265142
            ],
            [
              -73.6801241,
              42.7265608
            ],
            [
              -73.6802005,
              42.7265732
            ]
          ]
        ]
      },
      "id": "way/1449946300"
    },
    {
      "type": "Feature",
      "properties": {
        "@id": "way/1460880139",
        "building": "yes"
      },
      "geometry": {
        "type": "Polygon",
        "coordinates": [
          [
            [
              -73.681494,
              42.726436
            ],
            [
              -73.681359,
              42.726463
            ],
            [
              -73.6813825,
              42.7265514
            ],
            [
              -73.6815207,
              42.7265246
            ],
            [
              -73.681494,
              42.726436
            ]
          ]
        ]
      },
      "id": "way/1460880139"
    },
    {
      "type": "Feature",
      "properties": {
        "@id": "way/1460880140",
        "building": "yes"
      },
      "geometry": {
        "type": "Polygon",
        "coordinates": [
          [
            [
              -73.6820136,
              42.7268876
            ],
            [
              -73.6818973,
              42.7268487
            ],
            [
              -73.6818464,
              42.7269306
            ],
            [
              -73.6819627,
              42.7269696
            ],
            [
              -73.6819711,
              42.7269561
            ],
            [
              -73.6820136,
              42.7268876
            ]
          ]
        ]
      },
      "id": "way/1460880140"
    },
    {
      "type": "Feature",
      "properties": {
        "@id": "way/1460880141",
        "addr:city": "Troy",
        "addr:flats": "1-3",
        "addr:housenumber": "104",
        "addr:postcode": "12180",
        "addr:state": "NY",
        "addr:street": "14th Street",
        "building": "yes",
        "nysgissam:nysaddresspointid": "RENS077110;RENS080765;RENS053856;RENS070456"
      },
      "geometry": {
        "type": "Polygon",
        "coordinates": [
          [
            [
              -73.679107,
              42.726709
            ],
            [
              -73.6789209,
              42.726681
            ],
            [
              -73.6789033,
              42.7267404
            ],
            [
              -73.679089,
              42.72677
            ],
            [
              -73.679107,
              42.726709
            ]
          ]
        ]
      },
      "id": "way/1460880141"
    },
    {
      "type": "Feature",
      "properties": {
        "@id": "way/1460880142",
        "building": "yes"
      },
      "geometry": {
        "type": "Polygon",
        "coordinates": [
          [
            [
              -73.679269,
              42.7268994
            ],
            [
              -73.6794129,
              42.7269258
            ],
            [
              -73.6794354,
              42.7268609
            ],
            [
              -73.6793621,
              42.7268472
            ],
            [
              -73.6792916,
              42.726834
            ],
            [
              -73.679269,
              42.7268994
            ]
          ]
        ]
      },
      "id": "way/1460880142"
    },
    {
      "type": "Feature",
      "properties": {
        "@id": "way/1460880143",
        "building": "yes"
      },
      "geometry": {
        "type": "Polygon",
        "coordinates": [
          [
            [
              -73.6793056,
              42.7267825
            ],
            [
              -73.6794124,
              42.726798
            ],
            [
              -73.6794153,
              42.7267874
            ],
            [
              -73.6795013,
              42.7267999
            ],
            [
              -73.6795175,
              42.7267397
            ],
            [
              -73.6793246,
              42.7267117
            ],
            [
              -73.6793056,
              42.7267825
            ]
          ]
        ]
      },
      "id": "way/1460880143"
    },
    {
      "type": "Feature",
      "properties": {
        "@id": "way/1460880144",
        "building": "yes"
      },
      "geometry": {
        "type": "Polygon",
        "coordinates": [
          [
            [
              -73.6803372,
              42.7268635
            ],
            [
              -73.6804855,
              42.7268868
            ],
            [
              -73.6804993,
              42.7268394
            ],
            [
              -73.6804546,
              42.7268324
            ],
            [
              -73.6804579,
              42.7268211
            ],
            [
              -73.6803537,
              42.7268047
            ],
            [
              -73.6803372,
              42.7268635
            ]
          ]
        ]
      },
      "id": "way/1460880144"
    },
    {
      "type": "Feature",
      "properties": {
        "@id": "way/1460880145",
        "building": "yes"
      },
      "geometry": {
        "type": "Polygon",
        "coordinates": [
          [
            [
              -73.6797376,
              42.7268452
            ],
            [
              -73.6798341,
              42.726859
            ],
            [
              -73.6798479,
              42.7268069
            ],
            [
              -73.6797514,
              42.7267931
            ],
            [
              -73.6797376,
              42.7268452
            ]
          ]
        ]
      },
      "id": "way/1460880145"
    },
    {
      "type": "Feature",
      "properties": {
        "@id": "way/1460880146",
        "building": "yes"
      },
      "geometry": {
        "type": "Polygon",
        "coordinates": [
          [
            [
              -73.6797778,
              42.7267191
            ],
            [
              -73.6797639,
              42.7267651
            ],
            [
              -73.6798468,
              42.7267786
            ],
            [
              -73.6798609,
              42.7267319
            ],
            [
              -73.6797778,
              42.7267191
            ]
          ]
        ]
      },
      "id": "way/1460880146"
    },
    {
      "type": "Feature",
      "properties": {
        "@id": "way/1460880147",
        "building": "yes"
      },
      "geometry": {
        "type": "Polygon",
        "coordinates": [
          [
            [
              -73.6809836,
              42.7270826
            ],
            [
              -73.6810228,
              42.727022
            ],
            [
              -73.6809573,
              42.7269991
            ],
            [
              -73.6809182,
              42.7270598
            ],
            [
              -73.6809836,
              42.7270826
            ]
          ]
        ]
      },
      "id": "way/1460880147"
    },
    {
      "type": "Feature",
      "properties": {
        "@id": "way/1460880148",
        "building": "yes"
      },
      "geometry": {
        "type": "Polygon",
        "coordinates": [
          [
            [
              -73.6814684,
              42.7266449
            ],
            [
              -73.6814392,
              42.7266023
            ],
            [
              -73.6813585,
              42.726632
            ],
            [
              -73.6813876,
              42.7266747
            ],
            [
              -73.6814684,
              42.7266449
            ]
          ]
        ]
      },
      "id": "way/1460880148"
    },
    {
      "type": "Feature",
      "properties": {
        "@id": "way/1467485638",
        "building": "yes"
      },
      "geometry": {
        "type": "Polygon",
        "coordinates": [
          [
            [
              -73.6819023,
              42.7273479
            ],
            [
              -73.6819534,
              42.7272883
            ],
            [
              -73.6818438,
              42.7272376
            ],
            [
              -73.6817927,
              42.7272971
            ],
            [
              -73.6819023,
              42.7273479
            ]
          ]
        ]
      },
      "id": "way/1467485638"
    },
    {
      "type": "Feature",
      "properties": {
        "@id": "way/1467485639",
        "building": "yes"
      },
      "geometry": {
        "type": "Polygon",
        "coordinates": [
          [
            [
              -73.6817693,
              42.7273144
            ],
            [
              -73.6817924,
              42.7272845
            ],
            [
              -73.6817767,
              42.727278
            ],
            [
              -73.6818173,
              42.7272253
            ],
            [
              -73.6816958,
              42.7271747
            ],
            [
              -73.6816506,
              42.7272332
            ],
            [
              -73.6817146,
              42.7272599
            ],
            [
              -73.681696,
              42.7272839
            ],
            [
              -73.6817693,
              42.7273144
            ]
          ]
        ]
      },
      "id": "way/1467485639"
    },
    {
      "type": "Feature",
      "properties": {
        "@id": "way/1467485640",
        "building": "yes"
      },
      "geometry": {
        "type": "Polygon",
        "coordinates": [
          [
            [
              -73.6821296,
              42.72703
            ],
            [
              -73.6820777,
              42.727013
            ],
            [
              -73.682002,
              42.727138
            ],
            [
              -73.682081,
              42.7271638
            ],
            [
              -73.6821244,
              42.7270921
            ],
            [
              -73.6820973,
              42.7270833
            ],
            [
              -73.6821296,
              42.72703
            ]
          ]
        ]
      },
      "id": "way/1467485640"
    }
  ]
}